QBER,Channel Loss,Noise Level,Temperature Sensitivity,Preferred Order
0.09453559481236953,0.11141351049007578,0.12506767581246592,0.013124731073013176,"['DECOY_BB84', 'BB84', 'THREE_PLUS_ONE', 'SIX_STATE', 'EIGHT_STATE', 'E91']"
0.022211380311715614,0.04672576458536815,0.11363223397580687,0.2394251116732965,"['BB84', 'DECOY_BB84', 'THREE_PLUS_ONE', 'SIX_STATE', 'EIGHT_STATE', 'E91']"
0.24704191175643142,0.13623313979714913,0.3352716591123344,0.07953405856123286,"['DECOY_BB84', 'BB84', 'SIX_STATE', 'THREE_PLUS_ONE', 'E91', 'EIGHT_STATE']"
0.1511161591152343,0.223180091957911,0.3646348619108574,0.14104314665320405,"['THREE_PLUS_ONE', 'BB84', 'DECOY_BB84', 'SIX_STATE', 'E91', 'EIGHT_STATE']"
0.17061127215519223,0.2831499491946973,0.184935467338651,0.30465214911431887,"['E91', 'EIGHT_STATE', 'SIX_STATE', 'THREE_PLUS_ONE', 'BB84', 'DECOY_BB84']"
0.2980904188837732,0.33511619494906025,0.1084958835796715,0.2174360680266452,"['THREE_PLUS_ONE', 'BB84', 'E91', 'DECOY_BB84', 'EIGHT_STATE', 'SIX_STATE']"
0.34389286496043747,0.1117539998905818,0.11863770841913754,0.18107637676879323,"['DECOY_BB84', 'BB84', 'THREE_PLUS_ONE', 'SIX_STATE', 'EIGHT_STATE', 'E91']"
0.2789320106502943,0.036986359627928865,0.031166057731795975,0.05190055985742828,"['DECOY_BB84', 'BB84', 'THREE_PLUS_ONE', 'SIX_STATE', 'EIGHT_STATE', 'E91']"
0.08783017206214169,0.34967915370474867,0.3066792454392207,0.24771225021923038,"['E91', 'EIGHT_STATE', 'THREE_PLUS_ONE', 'SIX_STATE', 'BB84', 'DECOY_BB84']"
0.1869821495936572,0.24120676293009405,0.272140137721507,0.08636882951974012,"['THREE_PLUS_ONE', 'BB84', 'DECOY_BB84', 'EIGHT_STATE', 'SIX_STATE', 'E91']"
0.07307572265761773,0.22211547660945838,0.2906694074128594,0.028799836982180034,"['THREE_PLUS_ONE', 'BB84', 'DECOY_BB84', 'SIX_STATE', 'EIGHT_STATE', 'E91']"
0.12182507051933146,0.14106266672229245,0.11999482248216636,0.3001167090196525,"['SIX_STATE', 'EIGHT_STATE', 'BB84', 'DECOY_BB84', 'THREE_PLUS_ONE', 'E91']"
0.03690661701536008,0.12959286190270494,0.05565629760552271,0.1778682790703371,"['DECOY_BB84', 'BB84', 'THREE_PLUS_ONE', 'SIX_STATE', 'EIGHT_STATE', 'E91']"
0.014047116136549942,0.3429373194017904,0.22173297153971266,0.1525082307350907,"['BB84', 'DECOY_BB84', 'THREE_PLUS_ONE', 'EIGHT_STATE', 'E91', 'SIX_STATE']"
0.10380751616430255,0.048529550915396,0.06378706625906079,0.18223851891318638,"['DECOY_BB84', 'BB84', 'THREE_PLUS_ONE', 'SIX_STATE', 'EIGHT_STATE', 'E91']"
0.17316837249748493,0.25185406160936175,0.39187645282649847,0.2703367476839134,"['E91', 'EIGHT_STATE', 'SIX_STATE', 'THREE_PLUS_ONE', 'BB84', 'DECOY_BB84']"
0.1916762535219608,0.2127973523067831,0.010437521163772267,0.20337969350635793,"['BB84', 'THREE_PLUS_ONE', 'DECOY_BB84', 'SIX_STATE', 'EIGHT_STATE', 'E91']"
0.18187709545042585,0.31625543426617075,0.12841238493486815,0.27198882128156615,"['E91', 'EIGHT_STATE', 'THREE_PLUS_ONE', 'SIX_STATE', 'BB84', 'DECOY_BB84']"
0.21069690155304446,0.28084021536362686,0.1287575807274277,0.15998932990900822,"['BB84', 'DECOY_BB84', 'THREE_PLUS_ONE', 'E91', 'EIGHT_STATE', 'SIX_STATE']"
0.38240022864397766,0.027962754046907734,0.023063023645918175,0.07180801098061908,"['DECOY_BB84', 'BB84', 'THREE_PLUS_ONE', 'SIX_STATE', 'EIGHT_STATE', 'E91']"
0.11916036004458645,0.12653182016361178,0.2837443561895823,0.13525481473845968,"['DECOY_BB84', 'BB84', 'THREE_PLUS_ONE', 'SIX_STATE', 'EIGHT_STATE', 'E91']"
0.30317034553718564,0.35746451203475965,0.35109886369583265,0.042682572479657996,"['E91', 'THREE_PLUS_ONE', 'EIGHT_STATE', 'BB84', 'DECOY_BB84', 'SIX_STATE']"
0.12332911611870928,0.3063163876738905,0.21110082586922163,0.3486672225183589,"['E91', 'EIGHT_STATE', 'SIX_STATE', 'THREE_PLUS_ONE', 'BB84', 'DECOY_BB84']"
0.02732448474761525,0.29180351969201346,0.06806265955038833,0.2977471678805889,"['EIGHT_STATE', 'E91', 'SIX_STATE', 'THREE_PLUS_ONE', 'BB84', 'DECOY_BB84']"
0.24597944338009683,0.1472141403787506,0.1263371250371392,0.08093395570615299,"['DECOY_BB84', 'BB84', 'THREE_PLUS_ONE', 'SIX_STATE', 'EIGHT_STATE', 'E91']"
0.3246983602984631,0.21516574737698374,0.265109912457216,0.08576016537105459,"['THREE_PLUS_ONE', 'BB84', 'DECOY_BB84', 'SIX_STATE', 'EIGHT_STATE', 'E91']"
0.025143395023589483,0.08979111713629642,0.06567172099801988,0.21080238294787482,"['BB84', 'DECOY_BB84', 'THREE_PLUS_ONE', 'SIX_STATE', 'EIGHT_STATE', 'E91']"
0.31536409348659616,0.3484531963388884,0.38113706947172793,0.1837690494924378,"['E91', 'THREE_PLUS_ONE', 'EIGHT_STATE', 'BB84', 'SIX_STATE', 'DECOY_BB84']"
0.32478830689980015,0.07018766725165183,0.13200956005016576,0.3371025890306288,"['SIX_STATE', 'EIGHT_STATE', 'BB84', 'DECOY_BB84', 'THREE_PLUS_ONE', 'E91']"
0.3512818755076056,0.27249463507402893,0.2295377165744351,0.1798633594381762,"['BB84', 'THREE_PLUS_ONE', 'DECOY_BB84', 'E91', 'EIGHT_STATE', 'SIX_STATE']"
0.08245106347329094,0.14233501630513673,0.051127652598760266,0.30078846608924953,"['SIX_STATE', 'EIGHT_STATE', 'BB84', 'DECOY_BB84', 'THREE_PLUS_ONE', 'E91']"
0.27451037328211153,0.06929490436088416,0.03734964171546211,0.12362936294431986,"['DECOY_BB84', 'BB84', 'THREE_PLUS_ONE', 'SIX_STATE', 'EIGHT_STATE', 'E91']"
0.21867037843168477,0.1297336709382353,0.19411021125468986,0.20450861824981087,"['BB84', 'DECOY_BB84', 'THREE_PLUS_ONE', 'SIX_STATE', 'EIGHT_STATE', 'E91']"
0.38869194570087107,0.17289865062295015,0.0811556118626791,0.10812499522736092,"['DECOY_BB84', 'BB84', 'THREE_PLUS_ONE', 'SIX_STATE', 'EIGHT_STATE', 'E91']"
0.24629918817472393,0.15084550751863568,0.23954937084350306,0.19296827543792955,"['DECOY_BB84', 'BB84', 'THREE_PLUS_ONE', 'SIX_STATE', 'EIGHT_STATE', 'E91']"
0.39336910198084485,0.039148138827777484,0.21412621435991858,0.13065144892860273,"['DECOY_BB84', 'BB84', 'THREE_PLUS_ONE', 'SIX_STATE', 'EIGHT_STATE', 'E91']"
0.3747888759568963,0.2459368298830404,0.3086532205731538,0.24785190475396504,"['E91', 'EIGHT_STATE', 'THREE_PLUS_ONE', 'SIX_STATE', 'BB84', 'DECOY_BB84']"
0.08161781163401463,0.047023940922214125,0.1378246362704468,0.192647634098291,"['DECOY_BB84', 'BB84', 'THREE_PLUS_ONE', 'SIX_STATE', 'EIGHT_STATE', 'E91']"
0.08488931016878416,0.21711965185090815,0.3320276950303835,0.016147746637720964,"['THREE_PLUS_ONE', 'BB84', 'DECOY_BB84', 'SIX_STATE', 'E91', 'EIGHT_STATE']"
0.33130044628448546,0.23650361821514607,0.36925389055447655,0.22610227071940306,"['THREE_PLUS_ONE', 'E91', 'SIX_STATE', 'EIGHT_STATE', 'BB84', 'DECOY_BB84']"
0.1971099952384317,0.14125752549671705,0.3313545776314676,0.24648525044807967,"['SIX_STATE', 'THREE_PLUS_ONE', 'E91', 'EIGHT_STATE', 'BB84', 'DECOY_BB84']"
0.07655466217242919,0.13252752378765492,0.07791938168125177,0.39009716080135254,"['SIX_STATE', 'EIGHT_STATE', 'BB84', 'DECOY_BB84', 'THREE_PLUS_ONE', 'E91']"
0.18193319353899104,0.36536501790821674,0.02407133510262644,0.043468804896982786,"['BB84', 'DECOY_BB84', 'THREE_PLUS_ONE', 'E91', 'EIGHT_STATE', 'SIX_STATE']"
0.10334386806536738,0.362736603263706,0.2383887706383251,0.2776140773915143,"['E91', 'EIGHT_STATE', 'SIX_STATE', 'THREE_PLUS_ONE', 'BB84', 'DECOY_BB84']"
0.09058011634019184,0.06115144701309088,0.2863485273584768,0.02981254694127581,"['DECOY_BB84', 'BB84', 'SIX_STATE', 'THREE_PLUS_ONE', 'EIGHT_STATE', 'E91']"
0.21236237998048918,0.36277946600320377,0.30194137681850164,0.10848219068433954,"['E91', 'THREE_PLUS_ONE', 'EIGHT_STATE', 'BB84', 'DECOY_BB84', 'SIX_STATE']"
0.06836639743820445,0.24811544736853805,0.11893236216129993,0.3873722796134668,"['EIGHT_STATE', 'E91', 'SIX_STATE', 'THREE_PLUS_ONE', 'BB84', 'DECOY_BB84']"
0.2657399579737788,0.23772607464843623,0.364773662441497,0.19627959403409215,"['THREE_PLUS_ONE', 'BB84', 'E91', 'EIGHT_STATE', 'SIX_STATE', 'DECOY_BB84']"
0.03305166636386348,0.30500474781820064,0.3213473501868006,0.2812956202634719,"['E91', 'EIGHT_STATE', 'SIX_STATE', 'THREE_PLUS_ONE', 'BB84', 'DECOY_BB84']"
0.11806133587319621,0.3537199383348528,0.3492565321145277,0.3590102434381943,"['E91', 'EIGHT_STATE', 'SIX_STATE', 'THREE_PLUS_ONE', 'BB84', 'DECOY_BB84']"
0.26818077308465077,0.3235786109442286,0.06971340431286079,0.26298409687198177,"['E91', 'EIGHT_STATE', 'THREE_PLUS_ONE', 'SIX_STATE', 'BB84', 'DECOY_BB84']"
0.2108870161726405,0.3723442584405929,0.10856231915774367,0.21634624678637904,"['THREE_PLUS_ONE', 'BB84', 'E91', 'DECOY_BB84', 'EIGHT_STATE', 'SIX_STATE']"
0.2704760682775227,0.3311537680927399,0.07254737456717214,0.3544803702340974,"['E91', 'EIGHT_STATE', 'SIX_STATE', 'THREE_PLUS_ONE', 'BB84', 'DECOY_BB84']"
0.3862999263027529,0.3020178481118659,0.2314143590980111,0.10241761663135533,"['BB84', 'DECOY_BB84', 'THREE_PLUS_ONE', 'E91', 'EIGHT_STATE', 'SIX_STATE']"
0.2560405457581311,0.3215712472334864,0.3711526045758146,0.388990787350318,"['E91', 'EIGHT_STATE', 'SIX_STATE', 'THREE_PLUS_ONE', 'BB84', 'DECOY_BB84']"
0.3056699827852873,0.36147864362664284,0.08190993132290261,0.12708521329966188,"['BB84', 'DECOY_BB84', 'THREE_PLUS_ONE', 'E91', 'EIGHT_STATE', 'SIX_STATE']"
0.14040448204243886,0.2607333503166727,0.011479941846500271,0.32547237175255495,"['EIGHT_STATE', 'E91', 'SIX_STATE', 'THREE_PLUS_ONE', 'BB84', 'DECOY_BB84']"
0.2564218335307743,0.09028567137120287,0.11226838812088061,0.1712841170476634,"['DECOY_BB84', 'BB84', 'THREE_PLUS_ONE', 'SIX_STATE', 'EIGHT_STATE', 'E91']"
0.13050398624967016,0.09460679664498313,0.12066611955066692,0.20967465634864516,"['BB84', 'DECOY_BB84', 'THREE_PLUS_ONE', 'SIX_STATE', 'EIGHT_STATE', 'E91']"
0.25092649901512276,0.2923991019173161,0.21539164229474894,0.041102427138793036,"['BB84', 'DECOY_BB84', 'THREE_PLUS_ONE', 'E91', 'EIGHT_STATE', 'SIX_STATE']"
0.30827844433386525,0.2775626472600478,0.34554220422918214,0.28237007839612643,"['E91', 'EIGHT_STATE', 'SIX_STATE', 'THREE_PLUS_ONE', 'BB84', 'DECOY_BB84']"
0.014715699004751143,0.3266590883805516,0.2937310126439277,0.2197365403814112,"['E91', 'THREE_PLUS_ONE', 'EIGHT_STATE', 'SIX_STATE', 'BB84', 'DECOY_BB84']"
0.11834630779760116,0.2206030592196746,0.17455242819589714,0.2638561588684896,"['THREE_PLUS_ONE', 'SIX_STATE', 'BB84', 'EIGHT_STATE', 'DECOY_BB84', 'E91']"
0.12150551197378523,0.12869971310470624,0.21415881853791974,0.3983868904548121,"['SIX_STATE', 'EIGHT_STATE', 'BB84', 'DECOY_BB84', 'THREE_PLUS_ONE', 'E91']"
0.16370640003871909,0.20390706996052835,0.2492355012390194,0.07589178063300456,"['BB84', 'DECOY_BB84', 'THREE_PLUS_ONE', 'SIX_STATE', 'EIGHT_STATE', 'E91']"
0.05225645214258293,0.3462702572887617,0.272970319423402,0.19244627212186263,"['THREE_PLUS_ONE', 'E91', 'EIGHT_STATE', 'BB84', 'SIX_STATE', 'DECOY_BB84']"
0.1792234369107675,0.23982690155338324,0.3426627621604631,0.2369337421922179,"['THREE_PLUS_ONE', 'E91', 'EIGHT_STATE', 'SIX_STATE', 'BB84', 'DECOY_BB84']"
0.11151610092998687,0.05666079823415654,0.16972102130258246,0.06132906562372465,"['DECOY_BB84', 'BB84', 'THREE_PLUS_ONE', 'SIX_STATE', 'EIGHT_STATE', 'E91']"
0.2701366014302064,0.28728123106949965,0.22370813330284706,0.3560666583861835,"['E91', 'EIGHT_STATE', 'SIX_STATE', 'THREE_PLUS_ONE', 'BB84', 'DECOY_BB84']"
0.24226921250660136,0.38724258807030193,0.2755455854762533,0.11137386432578958,"['THREE_PLUS_ONE', 'E91', 'EIGHT_STATE', 'BB84', 'DECOY_BB84', 'SIX_STATE']"
0.12181997723208701,0.3697264842502782,0.2009607889562516,0.3652490526339485,"['E91', 'EIGHT_STATE', 'SIX_STATE', 'THREE_PLUS_ONE', 'BB84', 'DECOY_BB84']"
0.25042115627058414,0.051141556065892074,0.12379782948750116,0.15771361307166698,"['DECOY_BB84', 'BB84', 'THREE_PLUS_ONE', 'SIX_STATE', 'EIGHT_STATE', 'E91']"
0.27915680857419384,0.09189131221484004,0.38551019750343946,0.20217695403363084,"['DECOY_BB84', 'BB84', 'SIX_STATE', 'THREE_PLUS_ONE', 'E91', 'EIGHT_STATE']"
0.13693071989491615,0.33250565005264876,0.12623031238747645,0.11383105309667947,"['BB84', 'DECOY_BB84', 'THREE_PLUS_ONE', 'E91', 'EIGHT_STATE', 'SIX_STATE']"
0.2853374032871275,0.07667002521155995,0.3482629754825098,0.03049409682888527,"['DECOY_BB84', 'BB84', 'THREE_PLUS_ONE', 'SIX_STATE', 'E91', 'EIGHT_STATE']"
0.39112482201868565,0.3185834406699188,0.01424300985834735,0.14962243790575094,"['DECOY_BB84', 'BB84', 'THREE_PLUS_ONE', 'E91', 'EIGHT_STATE', 'SIX_STATE']"
0.2880259008773523,0.3464257258012206,0.049636383810369986,0.07812176150049784,"['BB84', 'DECOY_BB84', 'THREE_PLUS_ONE', 'E91', 'EIGHT_STATE', 'SIX_STATE']"
0.19702872073811065,0.23294219211739667,0.11879596708296676,0.19871594918149343,"['BB84', 'THREE_PLUS_ONE', 'DECOY_BB84', 'SIX_STATE', 'EIGHT_STATE', 'E91']"
0.0515460313310936,0.12389145354069549,0.0495646058507995,0.09723677363035971,"['DECOY_BB84', 'BB84', 'THREE_PLUS_ONE', 'SIX_STATE', 'EIGHT_STATE', 'E91']"
0.3120758654654541,0.1104301539031456,0.31581851454981996,0.21963291885788228,"['THREE_PLUS_ONE', 'SIX_STATE', 'BB84', 'DECOY_BB84', 'E91', 'EIGHT_STATE']"
0.36909195551364027,0.0356483824843734,0.07171209926098779,0.37338074390379283,"['SIX_STATE', 'EIGHT_STATE', 'BB84', 'DECOY_BB84', 'THREE_PLUS_ONE', 'E91']"
0.12478821673875835,0.32975806249622513,0.2033308959063253,0.05722499967218464,"['BB84', 'DECOY_BB84', 'THREE_PLUS_ONE', 'E91', 'EIGHT_STATE', 'SIX_STATE']"
0.07351634963031571,0.3449515734418729,0.02209795288418922,0.03373959926237284,"['BB84', 'DECOY_BB84', 'THREE_PLUS_ONE', 'E91', 'EIGHT_STATE', 'SIX_STATE']"
0.3114278951634725,0.1446349539781636,0.12067636265234824,0.38141228237074865,"['SIX_STATE', 'EIGHT_STATE', 'BB84', 'DECOY_BB84', 'THREE_PLUS_ONE', 'E91']"
0.03218395460545865,0.05412550683989684,0.16076521312207864,0.3680019919565996,"['SIX_STATE', 'BB84', 'DECOY_BB84', 'EIGHT_STATE', 'THREE_PLUS_ONE', 'E91']"
0.07653096954566278,0.27887331813914895,0.05077448690704703,0.03797000570241227,"['BB84', 'DECOY_BB84', 'THREE_PLUS_ONE', 'E91', 'EIGHT_STATE', 'SIX_STATE']"
0.3008939911858043,0.03345583950896138,0.3926012615855973,0.17987414327525827,"['DECOY_BB84', 'BB84', 'THREE_PLUS_ONE', 'SIX_STATE', 'E91', 'EIGHT_STATE']"
0.3188392754353805,0.10401967980525863,0.1463283618576307,0.10668133624080127,"['DECOY_BB84', 'BB84', 'THREE_PLUS_ONE', 'SIX_STATE', 'EIGHT_STATE', 'E91']"
0.19432277750787638,0.021477625859992695,0.37582389852306536,0.2513112425892154,"['SIX_STATE', 'THREE_PLUS_ONE', 'E91', 'EIGHT_STATE', 'BB84', 'DECOY_BB84']"
0.07668668023090504,0.22503972219662446,0.11079335530367519,0.17320454081127437,"['BB84', 'DECOY_BB84', 'THREE_PLUS_ONE', 'SIX_STATE', 'EIGHT_STATE', 'E91']"
0.0863870320026622,0.17999906790137443,0.27278965944298794,0.18105179344860758,"['DECOY_BB84', 'BB84', 'THREE_PLUS_ONE', 'SIX_STATE', 'EIGHT_STATE', 'E91']"
0.15563554861211992,0.11929391130185936,0.18552296418002293,0.2851275353326112,"['SIX_STATE', 'BB84', 'DECOY_BB84', 'THREE_PLUS_ONE', 'EIGHT_STATE', 'E91']"
0.20824827933322984,0.11644030050161501,0.3592982378150356,0.23366940058431585,"['SIX_STATE', 'THREE_PLUS_ONE', 'BB84', 'DECOY_BB84', 'E91', 'EIGHT_STATE']"
0.033497606796563446,0.17595150739315812,0.25581537018689976,0.04173928744505196,"['DECOY_BB84', 'BB84', 'THREE_PLUS_ONE', 'SIX_STATE', 'EIGHT_STATE', 'E91']"
0.32351582388069516,0.1964364223800726,0.06829678414145787,0.3930690616338759,"['SIX_STATE', 'EIGHT_STATE', 'BB84', 'THREE_PLUS_ONE', 'E91', 'DECOY_BB84']"
0.06636552416955353,0.15468676662688688,0.3085293619591795,0.2141668925337858,"['THREE_PLUS_ONE', 'SIX_STATE', 'BB84', 'DECOY_BB84', 'E91', 'EIGHT_STATE']"
0.09298615010353757,0.03589149984746978,0.27017995760009417,0.19366103516040925,"['DECOY_BB84', 'BB84', 'THREE_PLUS_ONE', 'SIX_STATE', 'EIGHT_STATE', 'E91']"
0.39135959705801626,0.25983487935688176,0.2349836478447543,0.26815102564389515,"['EIGHT_STATE', 'THREE_PLUS_ONE', 'E91', 'SIX_STATE', 'BB84', 'DECOY_BB84']"
0.34906922493912185,0.15042620317485741,0.36542875916113504,0.1654330299978386,"['DECOY_BB84', 'BB84', 'SIX_STATE', 'THREE_PLUS_ONE', 'E91', 'EIGHT_STATE']"
0.17297866887186975,0.11411119044270455,0.11223504966506592,0.19155385356256327,"['DECOY_BB84', 'BB84', 'THREE_PLUS_ONE', 'SIX_STATE', 'EIGHT_STATE', 'E91']"
0.11709420204746816,0.15450763958722732,0.09016185279608495,0.25892464945021987,"['SIX_STATE', 'BB84', 'DECOY_BB84', 'THREE_PLUS_ONE', 'EIGHT_STATE', 'E91']"
0.36953877559515896,0.019474972402214748,0.08082949478760602,0.1963667222081251,"['DECOY_BB84', 'BB84', 'THREE_PLUS_ONE', 'SIX_STATE', 'EIGHT_STATE', 'E91']"
0.30533958306509434,0.04299853540428745,0.34695289324795053,0.3165754094601229,"['SIX_STATE', 'E91', 'EIGHT_STATE', 'THREE_PLUS_ONE', 'DECOY_BB84', 'BB84']"
0.0383516093768419,0.29380169310092674,0.010452825241345602,0.3015875330936515,"['EIGHT_STATE', 'E91', 'SIX_STATE', 'THREE_PLUS_ONE', 'BB84', 'DECOY_BB84']"
0.23682135532277776,0.26030500805463774,0.3342346852181265,0.12967792919019047,"['E91', 'THREE_PLUS_ONE', 'EIGHT_STATE', 'BB84', 'DECOY_BB84', 'SIX_STATE']"
0.21877452804531908,0.3855755697146128,0.06661847863728539,0.19423568414893252,"['BB84', 'THREE_PLUS_ONE', 'DECOY_BB84', 'E91', 'EIGHT_STATE', 'SIX_STATE']"
0.2651564833133045,0.3123089475092848,0.31316222428987206,0.20797646318884633,"['E91', 'THREE_PLUS_ONE', 'EIGHT_STATE', 'SIX_STATE', 'BB84', 'DECOY_BB84']"
0.1123183809604197,0.10287955692797297,0.031574605047817124,0.11399096140999723,"['DECOY_BB84', 'BB84', 'THREE_PLUS_ONE', 'SIX_STATE', 'EIGHT_STATE', 'E91']"
0.15376546525280563,0.14589201387058992,0.22445173482507624,0.026802755060809064,"['DECOY_BB84', 'BB84', 'THREE_PLUS_ONE', 'SIX_STATE', 'EIGHT_STATE', 'E91']"
0.13648597599178483,0.29118615137284026,0.12709373001946822,0.275506926123737,"['E91', 'EIGHT_STATE', 'SIX_STATE', 'THREE_PLUS_ONE', 'BB84', 'DECOY_BB84']"
0.2975164209752505,0.2935958344698649,0.03507163291812095,0.317634722147382,"['E91', 'EIGHT_STATE', 'SIX_STATE', 'THREE_PLUS_ONE', 'BB84', 'DECOY_BB84']"
0.3826466851266208,0.2070682230404186,0.3093747326125159,0.2868282712938778,"['SIX_STATE', 'E91', 'EIGHT_STATE', 'THREE_PLUS_ONE', 'BB84', 'DECOY_BB84']"
0.031236868093277532,0.2934981148912497,0.2841967004845446,0.026205928409943492,"['THREE_PLUS_ONE', 'E91', 'BB84', 'DECOY_BB84', 'EIGHT_STATE', 'SIX_STATE']"
0.31378970848223725,0.25976509168625195,0.23648735572037202,0.05376826047152741,"['THREE_PLUS_ONE', 'BB84', 'DECOY_BB84', 'EIGHT_STATE', 'E91', 'SIX_STATE']"
0.14020469428015322,0.0721770345953024,0.11410822577359388,0.1029430393575714,"['DECOY_BB84', 'BB84', 'THREE_PLUS_ONE', 'SIX_STATE', 'EIGHT_STATE', 'E91']"
0.035973124768781894,0.3326802855986786,0.058859856623619866,0.017590436438441683,"['BB84', 'DECOY_BB84', 'THREE_PLUS_ONE', 'EIGHT_STATE', 'E91', 'SIX_STATE']"
0.3732825364007625,0.353887635687939,0.2664406112615796,0.3424408766142898,"['E91', 'EIGHT_STATE', 'SIX_STATE', 'THREE_PLUS_ONE', 'BB84', 'DECOY_BB84']"
0.3606387599633545,0.10171627294418706,0.03173988320937814,0.05785836170656719,"['DECOY_BB84', 'BB84', 'THREE_PLUS_ONE', 'SIX_STATE', 'EIGHT_STATE', 'E91']"
0.25362079112739916,0.11785207490796117,0.13760686017993531,0.31223911748852445,"['SIX_STATE', 'EIGHT_STATE', 'BB84', 'DECOY_BB84', 'THREE_PLUS_ONE', 'E91']"
0.14787915693275533,0.08597734352579678,0.24734360724403545,0.3012460189371157,"['SIX_STATE', 'EIGHT_STATE', 'THREE_PLUS_ONE', 'E91', 'BB84', 'DECOY_BB84']"
0.08753993842277619,0.3035329313573882,0.3336136694421301,0.08036465313386747,"['E91', 'THREE_PLUS_ONE', 'EIGHT_STATE', 'BB84', 'DECOY_BB84', 'SIX_STATE']"
0.20659739308996722,0.2828230275286148,0.38721817764604066,0.39545894925763325,"['E91', 'EIGHT_STATE', 'SIX_STATE', 'THREE_PLUS_ONE', 'BB84', 'DECOY_BB84']"
0.192628360859719,0.2546023099293835,0.27985314293597446,0.205184907357635,"['THREE_PLUS_ONE', 'EIGHT_STATE', 'BB84', 'E91', 'SIX_STATE', 'DECOY_BB84']"
0.3507342250486987,0.20097369866959697,0.12436194195060318,0.24083795915167125,"['BB84', 'THREE_PLUS_ONE', 'SIX_STATE', 'DECOY_BB84', 'EIGHT_STATE', 'E91']"
0.32218613743438357,0.16181595981856306,0.3452080937594515,0.06679296733595307,"['DECOY_BB84', 'BB84', 'SIX_STATE', 'THREE_PLUS_ONE', 'E91', 'EIGHT_STATE']"
0.34480197648216776,0.11922054354119971,0.05393753589079484,0.2750202041162665,"['SIX_STATE', 'BB84', 'DECOY_BB84', 'THREE_PLUS_ONE', 'EIGHT_STATE', 'E91']"
0.2647160677885107,0.39594517886288305,0.2004300154803536,0.01835985551982349,"['BB84', 'DECOY_BB84', 'THREE_PLUS_ONE', 'E91', 'EIGHT_STATE', 'SIX_STATE']"
0.13895414369116435,0.05844810739175176,0.188095859675466,0.02401222605170584,"['DECOY_BB84', 'BB84', 'THREE_PLUS_ONE', 'SIX_STATE', 'EIGHT_STATE', 'E91']"
0.23019103932610743,0.3829475667529649,0.09605921104528908,0.2495907059598768,"['THREE_PLUS_ONE', 'E91', 'EIGHT_STATE', 'BB84', 'SIX_STATE', 'DECOY_BB84']"
0.12511531048730848,0.21201036532475656,0.20218914765192947,0.26770349964381285,"['SIX_STATE', 'THREE_PLUS_ONE', 'BB84', 'EIGHT_STATE', 'DECOY_BB84', 'E91']"
0.3044548394468516,0.3493908208548632,0.35659068485806455,0.02379164428333504,"['E91', 'THREE_PLUS_ONE', 'EIGHT_STATE', 'BB84', 'DECOY_BB84', 'SIX_STATE']"
0.29376662079832994,0.16872186749349874,0.3542081274318555,0.3765539107079824,"['SIX_STATE', 'E91', 'EIGHT_STATE', 'THREE_PLUS_ONE', 'BB84', 'DECOY_BB84']"
0.20396599703396334,0.27493204572599417,0.10921900739656477,0.28540316809345634,"['E91', 'EIGHT_STATE', 'SIX_STATE', 'THREE_PLUS_ONE', 'BB84', 'DECOY_BB84']"
0.049389364878062995,0.25331747033291985,0.3893159452737227,0.030023370297922104,"['THREE_PLUS_ONE', 'E91', 'EIGHT_STATE', 'BB84', 'DECOY_BB84', 'SIX_STATE']"
0.28030385329581936,0.014957290932912025,0.13065305090829213,0.11216651984493997,"['DECOY_BB84', 'BB84', 'THREE_PLUS_ONE', 'SIX_STATE', 'EIGHT_STATE', 'E91']"
0.3101162242368943,0.2424526139103926,0.35218808724536715,0.3501274102276724,"['E91', 'EIGHT_STATE', 'SIX_STATE', 'THREE_PLUS_ONE', 'BB84', 'DECOY_BB84']"
0.053982331120979145,0.3740217515390225,0.09009784520327219,0.27330893248622334,"['E91', 'EIGHT_STATE', 'THREE_PLUS_ONE', 'SIX_STATE', 'BB84', 'DECOY_BB84']"
0.13024799510926915,0.13058125092538392,0.07305704547406115,0.301239573357646,"['SIX_STATE', 'EIGHT_STATE', 'BB84', 'DECOY_BB84', 'THREE_PLUS_ONE', 'E91']"
0.20103025471358263,0.31181678434908483,0.26661132595989445,0.25133082542198043,"['E91', 'EIGHT_STATE', 'THREE_PLUS_ONE', 'SIX_STATE', 'BB84', 'DECOY_BB84']"
0.25252138626877746,0.35889868040919004,0.391599429853934,0.15671309900620894,"['E91', 'THREE_PLUS_ONE', 'EIGHT_STATE', 'BB84', 'DECOY_BB84', 'SIX_STATE']"
0.037860216289539714,0.3282339690885708,0.26166999576062727,0.3885773711318202,"['EIGHT_STATE', 'E91', 'SIX_STATE', 'THREE_PLUS_ONE', 'BB84', 'DECOY_BB84']"
0.167382769883958,0.2885138130007079,0.18658192981067961,0.20827189638158883,"['THREE_PLUS_ONE', 'BB84', 'DECOY_BB84', 'E91', 'EIGHT_STATE', 'SIX_STATE']"
0.37165951329667246,0.07965129918241111,0.21632078653812856,0.25933999025916454,"['SIX_STATE', 'BB84', 'DECOY_BB84', 'THREE_PLUS_ONE', 'EIGHT_STATE', 'E91']"
0.2891421622156353,0.2671791472301311,0.157795753306828,0.05142374350461662,"['BB84', 'DECOY_BB84', 'THREE_PLUS_ONE', 'EIGHT_STATE', 'E91', 'SIX_STATE']"
0.2912991272839637,0.15919867551983635,0.32050531094321744,0.14783435556586225,"['DECOY_BB84', 'BB84', 'THREE_PLUS_ONE', 'SIX_STATE', 'E91', 'EIGHT_STATE']"
0.2827554517528487,0.24632026840602841,0.19246640483264815,0.18752471266271464,"['BB84', 'THREE_PLUS_ONE', 'DECOY_BB84', 'EIGHT_STATE', 'SIX_STATE', 'E91']"
0.25944618509200407,0.31679817807574556,0.2676240327574666,0.17979265870658978,"['THREE_PLUS_ONE', 'E91', 'BB84', 'EIGHT_STATE', 'DECOY_BB84', 'SIX_STATE']"
0.2208437171024261,0.35561595701330434,0.3369051852524748,0.16514405431779802,"['E91', 'THREE_PLUS_ONE', 'EIGHT_STATE', 'BB84', 'DECOY_BB84', 'SIX_STATE']"
0.21572140015706906,0.047258217683622636,0.1577787066680534,0.1574411206961814,"['DECOY_BB84', 'BB84', 'THREE_PLUS_ONE', 'SIX_STATE', 'EIGHT_STATE', 'E91']"
0.3782063038993757,0.05984562738134342,0.1000672636084689,0.08541486961522797,"['DECOY_BB84', 'BB84', 'THREE_PLUS_ONE', 'SIX_STATE', 'EIGHT_STATE', 'E91']"
0.3525948528117703,0.24810069734660925,0.3197059741625809,0.29594944435553394,"['E91', 'EIGHT_STATE', 'SIX_STATE', 'THREE_PLUS_ONE', 'BB84', 'DECOY_BB84']"
0.3056129564145394,0.18362745978722017,0.07049925783404509,0.18241771039482937,"['DECOY_BB84', 'BB84', 'THREE_PLUS_ONE', 'SIX_STATE', 'EIGHT_STATE', 'E91']"
0.06918667985396608,0.36514498536919365,0.15671075129784995,0.015739865542953473,"['BB84', 'DECOY_BB84', 'THREE_PLUS_ONE', 'E91', 'EIGHT_STATE', 'SIX_STATE']"
0.23058728537259102,0.3288612978694236,0.07515167898475017,0.22112281903002032,"['THREE_PLUS_ONE', 'BB84', 'E91', 'EIGHT_STATE', 'DECOY_BB84', 'SIX_STATE']"
0.22159262789136902,0.3863901715705037,0.1858184559934497,0.11516495934391431,"['BB84', 'DECOY_BB84', 'THREE_PLUS_ONE', 'E91', 'EIGHT_STATE', 'SIX_STATE']"
0.10345184154752383,0.34304305347528774,0.10120975637029518,0.09647022879433588,"['BB84', 'DECOY_BB84', 'THREE_PLUS_ONE', 'E91', 'EIGHT_STATE', 'SIX_STATE']"
0.22696888113144995,0.24180062821336942,0.17927054781492852,0.17391527207583796,"['DECOY_BB84', 'BB84', 'THREE_PLUS_ONE', 'EIGHT_STATE', 'SIX_STATE', 'E91']"
0.1831863276853907,0.12088805987521829,0.130839640733921,0.19759727231606683,"['DECOY_BB84', 'BB84', 'THREE_PLUS_ONE', 'SIX_STATE', 'EIGHT_STATE', 'E91']"
0.38491935699133767,0.023084221424985694,0.3782688054677534,0.22806405938716362,"['SIX_STATE', 'THREE_PLUS_ONE', 'BB84', 'DECOY_BB84', 'E91', 'EIGHT_STATE']"
0.21422942409772674,0.21981285969767134,0.3375559096429958,0.21137222924780152,"['THREE_PLUS_ONE', 'SIX_STATE', 'BB84', 'E91', 'EIGHT_STATE', 'DECOY_BB84']"
0.08924214838136389,0.33620570874441197,0.3708751545831427,0.029235734393849903,"['E91', 'THREE_PLUS_ONE', 'EIGHT_STATE', 'BB84', 'DECOY_BB84', 'SIX_STATE']"
0.2113119563424232,0.24505699446255635,0.029899330276766,0.1923373710050749,"['BB84', 'THREE_PLUS_ONE', 'DECOY_BB84', 'EIGHT_STATE', 'SIX_STATE', 'E91']"
0.22914244974148926,0.022501597420432826,0.35374907382066934,0.22208601633026162,"['SIX_STATE', 'THREE_PLUS_ONE', 'DECOY_BB84', 'BB84', 'E91', 'EIGHT_STATE']"
0.274545401541606,0.11910683789876542,0.025881969675161376,0.392962383844404,"['SIX_STATE', 'EIGHT_STATE', 'DECOY_BB84', 'BB84', 'THREE_PLUS_ONE', 'E91']"
0.14782393501586752,0.08786745045339678,0.19487854378464742,0.16553876360231223,"['DECOY_BB84', 'BB84', 'THREE_PLUS_ONE', 'SIX_STATE', 'EIGHT_STATE', 'E91']"
0.3688947460128745,0.18084717134437236,0.0687332618946569,0.2138605713118778,"['BB84', 'DECOY_BB84', 'THREE_PLUS_ONE', 'SIX_STATE', 'EIGHT_STATE', 'E91']"
0.2293752593687666,0.27402932886536896,0.2522357646135385,0.1859878462589335,"['THREE_PLUS_ONE', 'BB84', 'DECOY_BB84', 'E91', 'EIGHT_STATE', 'SIX_STATE']"
0.30401491931851515,0.24810476795571987,0.1119172974468026,0.34441183327314195,"['EIGHT_STATE', 'E91', 'SIX_STATE', 'THREE_PLUS_ONE', 'BB84', 'DECOY_BB84']"
0.09314253564762054,0.2312925174253602,0.14569063462545603,0.3069338614724695,"['EIGHT_STATE', 'SIX_STATE', 'THREE_PLUS_ONE', 'E91', 'BB84', 'DECOY_BB84']"
0.34149677815145013,0.2082059087357136,0.03735099083154011,0.37151955653660024,"['SIX_STATE', 'EIGHT_STATE', 'THREE_PLUS_ONE', 'BB84', 'E91', 'DECOY_BB84']"
0.05097685045752981,0.122256035308404,0.1388738773411452,0.10474079019679632,"['DECOY_BB84', 'BB84', 'THREE_PLUS_ONE', 'SIX_STATE', 'EIGHT_STATE', 'E91']"
0.3648873942550766,0.31319767427335965,0.07257356851184948,0.3076307331309043,"['E91', 'EIGHT_STATE', 'SIX_STATE', 'THREE_PLUS_ONE', 'BB84', 'DECOY_BB84']"
0.10792333763882003,0.20684718600789023,0.2655789808644201,0.1603707854671319,"['BB84', 'DECOY_BB84', 'THREE_PLUS_ONE', 'SIX_STATE', 'EIGHT_STATE', 'E91']"
0.33144229192571767,0.22571868257885164,0.15890357699739038,0.022020881403411376,"['BB84', 'DECOY_BB84', 'THREE_PLUS_ONE', 'SIX_STATE', 'EIGHT_STATE', 'E91']"
0.3168619181643,0.2089931992416902,0.39938890292768264,0.23916225661935017,"['SIX_STATE', 'THREE_PLUS_ONE', 'E91', 'EIGHT_STATE', 'BB84', 'DECOY_BB84']"
0.3072621346014179,0.01821208553523755,0.3431276626372035,0.08913708467827124,"['DECOY_BB84', 'BB84', 'SIX_STATE', 'THREE_PLUS_ONE', 'E91', 'EIGHT_STATE']"
0.20066519772475327,0.13557228482182315,0.11162136493476386,0.32374270646139275,"['SIX_STATE', 'EIGHT_STATE', 'BB84', 'DECOY_BB84', 'THREE_PLUS_ONE', 'E91']"
0.1577671592739666,0.3641466924102116,0.15529763038953998,0.07452976448670408,"['BB84', 'DECOY_BB84', 'THREE_PLUS_ONE', 'E91', 'EIGHT_STATE', 'SIX_STATE']"
0.22316613380292794,0.021964976945238857,0.1448964928956159,0.3416853393386495,"['SIX_STATE', 'EIGHT_STATE', 'BB84', 'DECOY_BB84', 'THREE_PLUS_ONE', 'E91']"
0.13484875429681428,0.10913476245608787,0.021300378918205985,0.3388126650876141,"['SIX_STATE', 'EIGHT_STATE', 'BB84', 'DECOY_BB84', 'THREE_PLUS_ONE', 'E91']"
0.15274345181086074,0.2309431033508233,0.23370142874959213,0.12451450281326716,"['THREE_PLUS_ONE', 'BB84', 'DECOY_BB84', 'SIX_STATE', 'EIGHT_STATE', 'E91']"
0.1104119040944572,0.024957638053746557,0.24962360841867634,0.04499544879974323,"['DECOY_BB84', 'BB84', 'THREE_PLUS_ONE', 'SIX_STATE', 'EIGHT_STATE', 'E91']"
0.3224130404719965,0.37670204531968554,0.15504194316960582,0.22793984994120028,"['THREE_PLUS_ONE', 'BB84', 'E91', 'EIGHT_STATE', 'DECOY_BB84', 'SIX_STATE']"
0.13988156600012816,0.22591437922088617,0.12707417603936294,0.28239292695348994,"['SIX_STATE', 'THREE_PLUS_ONE', 'EIGHT_STATE', 'BB84', 'E91', 'DECOY_BB84']"
0.30441232649586747,0.05882333453283455,0.20696792534553551,0.19954662467172055,"['DECOY_BB84', 'BB84', 'THREE_PLUS_ONE', 'SIX_STATE', 'EIGHT_STATE', 'E91']"
0.2828429762197251,0.09753779098276925,0.3025449239920802,0.06365651810769375,"['DECOY_BB84', 'BB84', 'SIX_STATE', 'THREE_PLUS_ONE', 'E91', 'EIGHT_STATE']"
0.21676010877115784,0.1776732640441327,0.36155166897991103,0.2118334841050663,"['THREE_PLUS_ONE', 'SIX_STATE', 'BB84', 'DECOY_BB84', 'E91', 'EIGHT_STATE']"
0.19658451039987135,0.11497548839003888,0.025888151145025365,0.030061130565978693,"['DECOY_BB84', 'BB84', 'THREE_PLUS_ONE', 'SIX_STATE', 'EIGHT_STATE', 'E91']"
0.10639181710617127,0.05277341665552132,0.2814073022268785,0.36088100510699095,"['SIX_STATE', 'EIGHT_STATE', 'E91', 'THREE_PLUS_ONE', 'BB84', 'DECOY_BB84']"
0.18603997417546342,0.3400844429911948,0.17046341703415316,0.03394045868952312,"['BB84', 'DECOY_BB84', 'THREE_PLUS_ONE', 'E91', 'EIGHT_STATE', 'SIX_STATE']"
0.1875390252056249,0.056827483036990735,0.2559042682594945,0.08591854761931017,"['DECOY_BB84', 'BB84', 'THREE_PLUS_ONE', 'SIX_STATE', 'EIGHT_STATE', 'E91']"
0.1629525569230955,0.2863350882099069,0.3416096724147004,0.11898645800866052,"['E91', 'THREE_PLUS_ONE', 'EIGHT_STATE', 'BB84', 'DECOY_BB84', 'SIX_STATE']"
0.14532089947706706,0.08932379220904597,0.08051616467671077,0.3843791135589894,"['SIX_STATE', 'EIGHT_STATE', 'BB84', 'DECOY_BB84', 'THREE_PLUS_ONE', 'E91']"
0.14030210612832097,0.16302075268999372,0.03021734670393815,0.31092915143531813,"['SIX_STATE', 'EIGHT_STATE', 'BB84', 'DECOY_BB84', 'THREE_PLUS_ONE', 'E91']"
0.3656141799946994,0.11103498184972901,0.3634368404762334,0.1356185078532684,"['DECOY_BB84', 'BB84', 'THREE_PLUS_ONE', 'SIX_STATE', 'E91', 'EIGHT_STATE']"
0.23385895241197605,0.10581059916403177,0.13546251908086288,0.280924971659818,"['SIX_STATE', 'BB84', 'DECOY_BB84', 'THREE_PLUS_ONE', 'EIGHT_STATE', 'E91']"
0.25047484897601796,0.26180434720935536,0.09777921424574772,0.09489628902218775,"['BB84', 'DECOY_BB84', 'THREE_PLUS_ONE', 'EIGHT_STATE', 'E91', 'SIX_STATE']"
0.07507347501669451,0.22382513996337727,0.38295599396265817,0.014889559065512589,"['THREE_PLUS_ONE', 'BB84', 'DECOY_BB84', 'SIX_STATE', 'E91', 'EIGHT_STATE']"
0.38891109094530035,0.252597069648679,0.38457882418201184,0.3911739158210373,"['E91', 'EIGHT_STATE', 'SIX_STATE', 'THREE_PLUS_ONE', 'BB84', 'DECOY_BB84']"
0.3947611904739473,0.3303143814235287,0.38601390574367456,0.2066185966495741,"['E91', 'THREE_PLUS_ONE', 'EIGHT_STATE', 'BB84', 'SIX_STATE', 'DECOY_BB84']"
0.36784295526632904,0.3887790389893011,0.1365340824252317,0.0504061111944445,"['BB84', 'DECOY_BB84', 'THREE_PLUS_ONE', 'E91', 'EIGHT_STATE', 'SIX_STATE']"
0.08919877263394103,0.05965216298898077,0.2619473380795695,0.03646385770834853,"['DECOY_BB84', 'BB84', 'THREE_PLUS_ONE', 'SIX_STATE', 'EIGHT_STATE', 'E91']"
0.30716018130937794,0.018062759568275272,0.29247787739717473,0.2082972933808902,"['SIX_STATE', 'THREE_PLUS_ONE', 'DECOY_BB84', 'BB84', 'EIGHT_STATE', 'E91']"
0.3091337278500025,0.09588482627481756,0.3198805343057672,0.2025565512193916,"['BB84', 'DECOY_BB84', 'THREE_PLUS_ONE', 'SIX_STATE', 'E91', 'EIGHT_STATE']"
0.11506289990971907,0.29005603281177966,0.35435236481355453,0.08318565543926264,"['E91', 'THREE_PLUS_ONE', 'EIGHT_STATE', 'BB84', 'DECOY_BB84', 'SIX_STATE']"
0.09589346917184934,0.1586106029063816,0.28564863998303797,0.05721524995593437,"['DECOY_BB84', 'BB84', 'THREE_PLUS_ONE', 'SIX_STATE', 'EIGHT_STATE', 'E91']"
0.06838370124924172,0.02001366601816402,0.1624903230718022,0.10514386293382659,"['DECOY_BB84', 'BB84', 'THREE_PLUS_ONE', 'SIX_STATE', 'EIGHT_STATE', 'E91']"
0.1758295638215479,0.07117425856031916,0.3843850564447349,0.1787789218409938,"['DECOY_BB84', 'BB84', 'SIX_STATE', 'THREE_PLUS_ONE', 'E91', 'EIGHT_STATE']"
0.041721594456065596,0.19488024300314152,0.38258581766747407,0.20844119652151444,"['THREE_PLUS_ONE', 'SIX_STATE', 'BB84', 'DECOY_BB84', 'EIGHT_STATE', 'E91']"
0.17595474999109664,0.09922446391366599,0.27435877844210854,0.012658457648456911,"['DECOY_BB84', 'BB84', 'THREE_PLUS_ONE', 'SIX_STATE', 'EIGHT_STATE', 'E91']"
0.07299845137122105,0.11764887233321596,0.37998757654403625,0.10167361426633183,"['DECOY_BB84', 'BB84', 'THREE_PLUS_ONE', 'SIX_STATE', 'E91', 'EIGHT_STATE']"
0.20111549999729653,0.0751691312111025,0.37774305011771153,0.14109267813332046,"['DECOY_BB84', 'BB84', 'THREE_PLUS_ONE', 'SIX_STATE', 'E91', 'EIGHT_STATE']"
0.0989590889779591,0.3547219940528693,0.26146805396253914,0.3772143019697201,"['E91', 'EIGHT_STATE', 'SIX_STATE', 'THREE_PLUS_ONE', 'BB84', 'DECOY_BB84']"
0.1936911047201614,0.29410930929416457,0.10092944818348568,0.34601693802260475,"['E91', 'EIGHT_STATE', 'SIX_STATE', 'THREE_PLUS_ONE', 'BB84', 'DECOY_BB84']"
0.033193629157716134,0.15008958363322678,0.3722167508747389,0.23253144255581726,"['SIX_STATE', 'THREE_PLUS_ONE', 'DECOY_BB84', 'BB84', 'EIGHT_STATE', 'E91']"
0.11851855899447218,0.2615314059031435,0.23806026668745742,0.14493586503482692,"['THREE_PLUS_ONE', 'BB84', 'DECOY_BB84', 'EIGHT_STATE', 'E91', 'SIX_STATE']"
0.10483500910598852,0.24835484941184036,0.03135920306605683,0.35209847959574725,"['EIGHT_STATE', 'E91', 'SIX_STATE', 'THREE_PLUS_ONE', 'BB84', 'DECOY_BB84']"
0.1329922416085081,0.15044910853152968,0.34658208755536896,0.1612601306970803,"['DECOY_BB84', 'BB84', 'THREE_PLUS_ONE', 'SIX_STATE', 'E91', 'EIGHT_STATE']"
0.16093726206360373,0.052771078017213736,0.38194786901427313,0.09081012692094831,"['DECOY_BB84', 'BB84', 'SIX_STATE', 'THREE_PLUS_ONE', 'E91', 'EIGHT_STATE']"
0.22035015172232647,0.2376015696765218,0.24279647700260037,0.2440205266708699,"['THREE_PLUS_ONE', 'EIGHT_STATE', 'SIX_STATE', 'BB84', 'E91', 'DECOY_BB84']"
0.132500659607458,0.1855304423199024,0.11290934467635663,0.2919479072427184,"['SIX_STATE', 'BB84', 'EIGHT_STATE', 'THREE_PLUS_ONE', 'DECOY_BB84', 'E91']"
0.18072284441687375,0.13219941966897794,0.1733201636388836,0.24925260795777354,"['BB84', 'DECOY_BB84', 'THREE_PLUS_ONE', 'SIX_STATE', 'EIGHT_STATE', 'E91']"
0.16811353542215451,0.21156719799775275,0.09466993474842508,0.2942386178795671,"['SIX_STATE', 'EIGHT_STATE', 'THREE_PLUS_ONE', 'BB84', 'E91', 'DECOY_BB84']"
0.07650969186878138,0.11024852909187027,0.03504849169271165,0.31051096776335524,"['SIX_STATE', 'EIGHT_STATE', 'DECOY_BB84', 'BB84', 'THREE_PLUS_ONE', 'E91']"
0.04545873277811778,0.1819831316940662,0.2959792703673787,0.3701457160873532,"['SIX_STATE', 'EIGHT_STATE', 'E91', 'THREE_PLUS_ONE', 'BB84', 'DECOY_BB84']"
0.2845962942774859,0.20992629931330303,0.2589106104810081,0.10651956314810045,"['THREE_PLUS_ONE', 'BB84', 'DECOY_BB84', 'SIX_STATE', 'EIGHT_STATE', 'E91']"
0.02745226128626995,0.10791386758699592,0.04259132881023568,0.39543753332964965,"['SIX_STATE', 'BB84', 'DECOY_BB84', 'EIGHT_STATE', 'THREE_PLUS_ONE', 'E91']"
0.11673734522153857,0.07880566897641093,0.02945934785676086,0.21013052701812068,"['BB84', 'DECOY_BB84', 'THREE_PLUS_ONE', 'SIX_STATE', 'EIGHT_STATE', 'E91']"
0.156792215567073,0.15099637462447063,0.29728594887885906,0.3174574252008343,"['SIX_STATE', 'E91', 'EIGHT_STATE', 'THREE_PLUS_ONE', 'BB84', 'DECOY_BB84']"
0.12987422520967842,0.2858137558412968,0.09508503662961122,0.360015858377377,"['E91', 'EIGHT_STATE', 'SIX_STATE', 'THREE_PLUS_ONE', 'BB84', 'DECOY_BB84']"
0.05861153172613456,0.3953213929146533,0.06150772184836462,0.01234715561674248,"['BB84', 'DECOY_BB84', 'THREE_PLUS_ONE', 'E91', 'EIGHT_STATE', 'SIX_STATE']"
0.15928796207072246,0.1680913994066231,0.2994065999007031,0.32933882992414637,"['SIX_STATE', 'E91', 'EIGHT_STATE', 'THREE_PLUS_ONE', 'BB84', 'DECOY_BB84']"
0.36791914167690987,0.30630388601838276,0.1559884625541908,0.3239470788409573,"['E91', 'EIGHT_STATE', 'SIX_STATE', 'THREE_PLUS_ONE', 'BB84', 'DECOY_BB84']"
0.3918085209970637,0.15718298056910776,0.24675296618433357,0.052915089596898675,"['DECOY_BB84', 'BB84', 'THREE_PLUS_ONE', 'SIX_STATE', 'EIGHT_STATE', 'E91']"
0.1685394019679629,0.24340758365777773,0.09664655031314998,0.3011682366112922,"['EIGHT_STATE', 'E91', 'SIX_STATE', 'THREE_PLUS_ONE', 'BB84', 'DECOY_BB84']"
0.20121122922035437,0.23596718424681976,0.02132142133305149,0.3740871092607087,"['EIGHT_STATE', 'E91', 'SIX_STATE', 'THREE_PLUS_ONE', 'BB84', 'DECOY_BB84']"
0.3488484059783024,0.09822813178338172,0.29526032716868644,0.11193413758103167,"['DECOY_BB84', 'BB84', 'THREE_PLUS_ONE', 'SIX_STATE', 'E91', 'EIGHT_STATE']"
0.1754740621428812,0.3449339722042479,0.13520794234595998,0.24271494047950293,"['THREE_PLUS_ONE', 'E91', 'BB84', 'EIGHT_STATE', 'SIX_STATE', 'DECOY_BB84']"
0.2340390223666332,0.38514647756970766,0.1547323239447111,0.3087925156702666,"['E91', 'EIGHT_STATE', 'SIX_STATE', 'THREE_PLUS_ONE', 'BB84', 'DECOY_BB84']"
0.03308832673230809,0.0940300521767321,0.32240973301906195,0.3129869832959342,"['SIX_STATE', 'EIGHT_STATE', 'E91', 'THREE_PLUS_ONE', 'BB84', 'DECOY_BB84']"
0.34453442954874797,0.02622007978887045,0.10432565689780796,0.36706125272579043,"['SIX_STATE', 'EIGHT_STATE', 'BB84', 'DECOY_BB84', 'THREE_PLUS_ONE', 'E91']"
0.3759571306123201,0.08697798813671673,0.29110976860458615,0.3124906952722352,"['SIX_STATE', 'EIGHT_STATE', 'E91', 'THREE_PLUS_ONE', 'BB84', 'DECOY_BB84']"
0.27085847511763045,0.17721685204898507,0.32847383289577453,0.2265368160544692,"['SIX_STATE', 'THREE_PLUS_ONE', 'BB84', 'DECOY_BB84', 'E91', 'EIGHT_STATE']"
0.24668346971615945,0.04371392493638754,0.1946718311468675,0.030814781796757847,"['DECOY_BB84', 'BB84', 'THREE_PLUS_ONE', 'SIX_STATE', 'EIGHT_STATE', 'E91']"
0.09756499552768041,0.3849987971851896,0.04961585993099329,0.32686725688807294,"['E91', 'EIGHT_STATE', 'SIX_STATE', 'THREE_PLUS_ONE', 'BB84', 'DECOY_BB84']"
0.19410034972055373,0.20563992399042666,0.21530979063472586,0.28662310796894136,"['SIX_STATE', 'BB84', 'THREE_PLUS_ONE', 'EIGHT_STATE', 'E91', 'DECOY_BB84']"
0.19138259019215204,0.244800221620366,0.040839843831054094,0.3795262559754422,"['EIGHT_STATE', 'E91', 'SIX_STATE', 'THREE_PLUS_ONE', 'BB84', 'DECOY_BB84']"
0.37444045650410623,0.15231308851215564,0.31168795661296683,0.11264579795644693,"['DECOY_BB84', 'BB84', 'THREE_PLUS_ONE', 'SIX_STATE', 'E91', 'EIGHT_STATE']"
0.37306757316650324,0.04568006142342354,0.3725283278854485,0.39462751787490424,"['SIX_STATE', 'E91', 'EIGHT_STATE', 'THREE_PLUS_ONE', 'BB84', 'DECOY_BB84']"
0.020289807540346774,0.35487362702280484,0.20032262833312342,0.23765744700370464,"['THREE_PLUS_ONE', 'BB84', 'EIGHT_STATE', 'E91', 'DECOY_BB84', 'SIX_STATE']"
0.07300391137386528,0.2284045270497263,0.08688358766165777,0.056590301945997505,"['BB84', 'DECOY_BB84', 'THREE_PLUS_ONE', 'SIX_STATE', 'EIGHT_STATE', 'E91']"
0.08821492304572152,0.39798982230367863,0.09298029813838872,0.38352177074267735,"['E91', 'EIGHT_STATE', 'SIX_STATE', 'THREE_PLUS_ONE', 'BB84', 'DECOY_BB84']"
0.2889438816887938,0.24249090137489304,0.014838406526888552,0.2815225067750134,"['EIGHT_STATE', 'SIX_STATE', 'THREE_PLUS_ONE', 'E91', 'BB84', 'DECOY_BB84']"
0.3678504514616263,0.07061186065385548,0.13047595329260617,0.14536816599690291,"['DECOY_BB84', 'BB84', 'THREE_PLUS_ONE', 'SIX_STATE', 'EIGHT_STATE', 'E91']"
0.34567820985280895,0.3439039730701151,0.16186585693299763,0.2786252612163241,"['E91', 'EIGHT_STATE', 'SIX_STATE', 'THREE_PLUS_ONE', 'BB84', 'DECOY_BB84']"
0.04918296955679505,0.32373702948830985,0.2900361696433368,0.020249213444322085,"['E91', 'THREE_PLUS_ONE', 'EIGHT_STATE', 'BB84', 'DECOY_BB84', 'SIX_STATE']"
0.21477689634640618,0.18058011633473767,0.2548570437245063,0.29084821225140106,"['SIX_STATE', 'EIGHT_STATE', 'THREE_PLUS_ONE', 'E91', 'BB84', 'DECOY_BB84']"
0.3379030772706208,0.33990807855148747,0.13669367354593906,0.13335363972402217,"['BB84', 'DECOY_BB84', 'THREE_PLUS_ONE', 'E91', 'EIGHT_STATE', 'SIX_STATE']"
0.11903632953429781,0.15350932007669146,0.1826578222186286,0.05757725838716291,"['DECOY_BB84', 'BB84', 'THREE_PLUS_ONE', 'SIX_STATE', 'EIGHT_STATE', 'E91']"
0.3806886311148748,0.2729894676951245,0.2490216166355764,0.35596302045709566,"['E91', 'EIGHT_STATE', 'SIX_STATE', 'THREE_PLUS_ONE', 'BB84', 'DECOY_BB84']"
0.07582969253897416,0.23465958944187906,0.29625108899306146,0.3355940393053811,"['E91', 'EIGHT_STATE', 'SIX_STATE', 'THREE_PLUS_ONE', 'BB84', 'DECOY_BB84']"
0.26989730013215646,0.2070339737998363,0.3962242054278358,0.2362735851028539,"['SIX_STATE', 'THREE_PLUS_ONE', 'E91', 'BB84', 'EIGHT_STATE', 'DECOY_BB84']"
0.1527756350891232,0.2563932821777198,0.27292666213530026,0.0797679362646477,"['THREE_PLUS_ONE', 'EIGHT_STATE', 'BB84', 'DECOY_BB84', 'SIX_STATE', 'E91']"
0.2640717438011766,0.38315759885904127,0.03937032845954085,0.1129000740221255,"['BB84', 'DECOY_BB84', 'THREE_PLUS_ONE', 'E91', 'EIGHT_STATE', 'SIX_STATE']"
0.2215998103540492,0.3954053195074851,0.06613194024556764,0.024476625010290312,"['BB84', 'DECOY_BB84', 'THREE_PLUS_ONE', 'E91', 'EIGHT_STATE', 'SIX_STATE']"
0.25193426655994716,0.28700983885038983,0.020467049757536784,0.12212638293962189,"['BB84', 'DECOY_BB84', 'THREE_PLUS_ONE', 'E91', 'EIGHT_STATE', 'SIX_STATE']"
0.13604039526386133,0.24254145044039818,0.3440661496079767,0.0961541650260285,"['THREE_PLUS_ONE', 'E91', 'BB84', 'DECOY_BB84', 'EIGHT_STATE', 'SIX_STATE']"
0.060522573469123514,0.2294777180894309,0.10494417453641651,0.1976729939593599,"['BB84', 'THREE_PLUS_ONE', 'DECOY_BB84', 'SIX_STATE', 'EIGHT_STATE', 'E91']"
0.38211123118411844,0.05574970367756883,0.21397580293765786,0.3937884011873367,"['SIX_STATE', 'EIGHT_STATE', 'BB84', 'DECOY_BB84', 'THREE_PLUS_ONE', 'E91']"
0.23978483403143352,0.3808838357492101,0.38346917814619647,0.12327442631302934,"['E91', 'THREE_PLUS_ONE', 'EIGHT_STATE', 'BB84', 'DECOY_BB84', 'SIX_STATE']"
0.01588677536812802,0.12123321751646816,0.292261246282906,0.3787670332057354,"['SIX_STATE', 'EIGHT_STATE', 'E91', 'THREE_PLUS_ONE', 'BB84', 'DECOY_BB84']"
0.019991170130050827,0.1086945921902171,0.07093249591018867,0.36177405594142364,"['SIX_STATE', 'BB84', 'DECOY_BB84', 'EIGHT_STATE', 'THREE_PLUS_ONE', 'E91']"
0.24574052312797043,0.37774247630343744,0.346254249615154,0.08470851584763815,"['E91', 'THREE_PLUS_ONE', 'EIGHT_STATE', 'BB84', 'DECOY_BB84', 'SIX_STATE']"
0.09471217155981797,0.21893159992908326,0.2968889778814019,0.08348768685953391,"['THREE_PLUS_ONE', 'BB84', 'DECOY_BB84', 'SIX_STATE', 'E91', 'EIGHT_STATE']"
0.2302045862165279,0.14600945270617088,0.044493756716744604,0.10510577650062061,"['DECOY_BB84', 'BB84', 'THREE_PLUS_ONE', 'SIX_STATE', 'EIGHT_STATE', 'E91']"
0.3227011797701905,0.1297334811196638,0.39226982403834965,0.14445636247312443,"['DECOY_BB84', 'BB84', 'THREE_PLUS_ONE', 'SIX_STATE', 'E91', 'EIGHT_STATE']"
0.2800845144245626,0.3116127259438358,0.33734473978497115,0.35149557525687664,"['E91', 'EIGHT_STATE', 'SIX_STATE', 'THREE_PLUS_ONE', 'BB84', 'DECOY_BB84']"
0.2266329164673307,0.1565606158925051,0.329851414211953,0.3585460950409889,"['SIX_STATE', 'E91', 'EIGHT_STATE', 'THREE_PLUS_ONE', 'BB84', 'DECOY_BB84']"
0.24856494009095334,0.3463274027970425,0.20427649803149905,0.2426733142352498,"['THREE_PLUS_ONE', 'E91', 'BB84', 'EIGHT_STATE', 'SIX_STATE', 'DECOY_BB84']"
0.045355836882347685,0.050753974564599964,0.11742681608434637,0.2324099302002616,"['BB84', 'DECOY_BB84', 'THREE_PLUS_ONE', 'SIX_STATE', 'EIGHT_STATE', 'E91']"
0.23562884214832558,0.1469342440309673,0.11544712595802174,0.36468366230545357,"['SIX_STATE', 'EIGHT_STATE', 'BB84', 'DECOY_BB84', 'THREE_PLUS_ONE', 'E91']"
0.05734124239580446,0.3895245956494524,0.03800179938538112,0.04090285291162061,"['BB84', 'DECOY_BB84', 'THREE_PLUS_ONE', 'E91', 'EIGHT_STATE', 'SIX_STATE']"
0.17980682265526207,0.3317407776738344,0.1718045471710739,0.2780945274424736,"['E91', 'EIGHT_STATE', 'SIX_STATE', 'THREE_PLUS_ONE', 'BB84', 'DECOY_BB84']"
0.28294523539086575,0.03268718375329691,0.14921519142814235,0.2607478318933282,"['SIX_STATE', 'BB84', 'DECOY_BB84', 'THREE_PLUS_ONE', 'EIGHT_STATE', 'E91']"
0.10021585274505687,0.24063017068365056,0.38511020197963375,0.32192933993497336,"['E91', 'EIGHT_STATE', 'SIX_STATE', 'THREE_PLUS_ONE', 'BB84', 'DECOY_BB84']"
0.13428911563653256,0.2567711381004192,0.20355616824017342,0.23522454553987449,"['THREE_PLUS_ONE', 'BB84', 'EIGHT_STATE', 'SIX_STATE', 'E91', 'DECOY_BB84']"
0.1627370431094034,0.38522030173640914,0.09060602918817089,0.3025914675128975,"['E91', 'EIGHT_STATE', 'SIX_STATE', 'THREE_PLUS_ONE', 'BB84', 'DECOY_BB84']"
0.3558866267123609,0.05348183852386878,0.0317148242627864,0.2963210988397687,"['SIX_STATE', 'EIGHT_STATE', 'BB84', 'DECOY_BB84', 'THREE_PLUS_ONE', 'E91']"
0.09684091145851287,0.2729304842095716,0.12798274816084512,0.14684240809411347,"['BB84', 'DECOY_BB84', 'THREE_PLUS_ONE', 'E91', 'EIGHT_STATE', 'SIX_STATE']"
0.2048841328584014,0.1216392813657455,0.16621741993860248,0.18744801739062616,"['DECOY_BB84', 'BB84', 'THREE_PLUS_ONE', 'SIX_STATE', 'EIGHT_STATE', 'E91']"
0.17861083415137471,0.010667506635410037,0.2221940744604733,0.03442836824198729,"['DECOY_BB84', 'BB84', 'THREE_PLUS_ONE', 'SIX_STATE', 'EIGHT_STATE', 'E91']"
0.37987648049928446,0.2736928633156865,0.164747045251974,0.20256859952581968,"['BB84', 'THREE_PLUS_ONE', 'DECOY_BB84', 'E91', 'EIGHT_STATE', 'SIX_STATE']"
0.1344101430280044,0.26746641871679394,0.2493977394045631,0.13939951726008637,"['THREE_PLUS_ONE', 'BB84', 'DECOY_BB84', 'EIGHT_STATE', 'E91', 'SIX_STATE']"
0.08479731618675025,0.2620345785360361,0.036239677766827086,0.3953224060147302,"['EIGHT_STATE', 'E91', 'SIX_STATE', 'THREE_PLUS_ONE', 'BB84', 'DECOY_BB84']"
0.25509363343301544,0.31001748971812876,0.35633734490913216,0.07150394529767132,"['E91', 'THREE_PLUS_ONE', 'EIGHT_STATE', 'BB84', 'DECOY_BB84', 'SIX_STATE']"
0.38573637649516135,0.1999723983598422,0.14678006168800892,0.37247600826071264,"['SIX_STATE', 'EIGHT_STATE', 'BB84', 'THREE_PLUS_ONE', 'E91', 'DECOY_BB84']"
0.19170983699439245,0.25014130838898535,0.01642034315459497,0.07836439604151399,"['BB84', 'DECOY_BB84', 'THREE_PLUS_ONE', 'EIGHT_STATE', 'SIX_STATE', 'E91']"
0.25647676261059127,0.13226226894809381,0.043696811799297734,0.2708618763656081,"['SIX_STATE', 'BB84', 'DECOY_BB84', 'THREE_PLUS_ONE', 'EIGHT_STATE', 'E91']"
0.23392200824209175,0.24309299802328924,0.24258471896929623,0.25224387045138785,"['THREE_PLUS_ONE', 'EIGHT_STATE', 'SIX_STATE', 'BB84', 'E91', 'DECOY_BB84']"
0.09096627024956637,0.05744518254677299,0.053821706753261395,0.30041083200030316,"['SIX_STATE', 'EIGHT_STATE', 'BB84', 'DECOY_BB84', 'THREE_PLUS_ONE', 'E91']"
0.37471113591999433,0.2284213070994216,0.23103947291179372,0.19238443109885273,"['BB84', 'THREE_PLUS_ONE', 'DECOY_BB84', 'SIX_STATE', 'EIGHT_STATE', 'E91']"
0.37640054472680967,0.13822151271012886,0.193079333115164,0.25325658241697446,"['BB84', 'DECOY_BB84', 'SIX_STATE', 'THREE_PLUS_ONE', 'EIGHT_STATE', 'E91']"
0.03414492978520361,0.3839751964681341,0.1098548818787489,0.34548854357413866,"['EIGHT_STATE', 'E91', 'SIX_STATE', 'THREE_PLUS_ONE', 'BB84', 'DECOY_BB84']"
0.24061262671709777,0.3856592676879412,0.11125101047574198,0.3188180729688444,"['E91', 'EIGHT_STATE', 'SIX_STATE', 'THREE_PLUS_ONE', 'BB84', 'DECOY_BB84']"
0.2897137406838108,0.11199860919796245,0.19454412052699666,0.03852230276568654,"['DECOY_BB84', 'BB84', 'THREE_PLUS_ONE', 'SIX_STATE', 'EIGHT_STATE', 'E91']"
0.36635839883181454,0.18117475075298736,0.2986932939483547,0.38433287997263216,"['SIX_STATE', 'E91', 'EIGHT_STATE', 'THREE_PLUS_ONE', 'BB84', 'DECOY_BB84']"
0.34149120282971124,0.3580768134349594,0.09370389841808133,0.25837445865159064,"['E91', 'THREE_PLUS_ONE', 'EIGHT_STATE', 'SIX_STATE', 'BB84', 'DECOY_BB84']"
0.1857481356143891,0.30542881878446,0.3109755467711283,0.2882495067963111,"['E91', 'EIGHT_STATE', 'SIX_STATE', 'THREE_PLUS_ONE', 'BB84', 'DECOY_BB84']"
0.15949174733514374,0.13265033822711247,0.3821582355627364,0.23412629572539148,"['SIX_STATE', 'THREE_PLUS_ONE', 'BB84', 'DECOY_BB84', 'E91', 'EIGHT_STATE']"
0.2330091725626858,0.2947711965226885,0.3862427848038117,0.014867774961723403,"['E91', 'THREE_PLUS_ONE', 'EIGHT_STATE', 'BB84', 'DECOY_BB84', 'SIX_STATE']"
0.33041799395834764,0.1790055603829594,0.12004745400940514,0.3630275348108184,"['SIX_STATE', 'EIGHT_STATE', 'BB84', 'DECOY_BB84', 'THREE_PLUS_ONE', 'E91']"
0.12675775096029376,0.1970826670900617,0.04262800222567232,0.10947205372229063,"['DECOY_BB84', 'BB84', 'THREE_PLUS_ONE', 'SIX_STATE', 'EIGHT_STATE', 'E91']"
0.36453839037970887,0.19353668657414316,0.1076909396016827,0.0836103662194172,"['DECOY_BB84', 'BB84', 'THREE_PLUS_ONE', 'SIX_STATE', 'EIGHT_STATE', 'E91']"
0.13896745742449385,0.0987577681484923,0.02355305767514569,0.03353689327210726,"['DECOY_BB84', 'BB84', 'THREE_PLUS_ONE', 'SIX_STATE', 'EIGHT_STATE', 'E91']"
0.14928189449170295,0.269808836552907,0.27167351095357284,0.3834103889614023,"['EIGHT_STATE', 'E91', 'SIX_STATE', 'THREE_PLUS_ONE', 'BB84', 'DECOY_BB84']"
0.2946391560343716,0.147950870185355,0.06908830572116442,0.17616582078552728,"['DECOY_BB84', 'BB84', 'THREE_PLUS_ONE', 'SIX_STATE', 'EIGHT_STATE', 'E91']"
0.39641560871193643,0.38746923066515776,0.31124157890393417,0.11741085969284074,"['E91', 'THREE_PLUS_ONE', 'EIGHT_STATE', 'BB84', 'DECOY_BB84', 'SIX_STATE']"
0.31509996135475343,0.022814579985442576,0.18963977370695637,0.2961748644874836,"['SIX_STATE', 'EIGHT_STATE', 'BB84', 'DECOY_BB84', 'THREE_PLUS_ONE', 'E91']"
0.2853029255975482,0.29618135869865975,0.02540299958130487,0.06897353354196817,"['BB84', 'DECOY_BB84', 'THREE_PLUS_ONE', 'E91', 'EIGHT_STATE', 'SIX_STATE']"
0.2682895570405607,0.126265858101191,0.3863402440044903,0.15072037326562712,"['DECOY_BB84', 'BB84', 'SIX_STATE', 'THREE_PLUS_ONE', 'E91', 'EIGHT_STATE']"
0.046379958073277605,0.297753276822833,0.11828826018095082,0.395424995138044,"['E91', 'EIGHT_STATE', 'SIX_STATE', 'THREE_PLUS_ONE', 'BB84', 'DECOY_BB84']"
0.3206469427243355,0.2489797856764848,0.3918367172911431,0.03549149352407622,"['THREE_PLUS_ONE', 'E91', 'EIGHT_STATE', 'BB84', 'DECOY_BB84', 'SIX_STATE']"
0.31521239222740854,0.2788234984758006,0.33329298575558153,0.22255608962718465,"['E91', 'THREE_PLUS_ONE', 'EIGHT_STATE', 'SIX_STATE', 'BB84', 'DECOY_BB84']"
0.23105353981857318,0.38827277293813134,0.1110236902074529,0.19126147112771957,"['BB84', 'THREE_PLUS_ONE', 'DECOY_BB84', 'E91', 'EIGHT_STATE', 'SIX_STATE']"
0.2692121563789025,0.06259360863022316,0.21321156619944187,0.20365548059366495,"['BB84', 'DECOY_BB84', 'THREE_PLUS_ONE', 'SIX_STATE', 'EIGHT_STATE', 'E91']"
0.22717381740433756,0.12766600906111183,0.3506176554055479,0.21678578210640928,"['SIX_STATE', 'THREE_PLUS_ONE', 'BB84', 'DECOY_BB84', 'E91', 'EIGHT_STATE']"
0.07139714204846899,0.24032109637999682,0.22411234538430325,0.0722259528950809,"['DECOY_BB84', 'BB84', 'THREE_PLUS_ONE', 'EIGHT_STATE', 'SIX_STATE', 'E91']"
0.3653516919091844,0.27952050621482166,0.1550888078787258,0.09043108920947766,"['BB84', 'DECOY_BB84', 'THREE_PLUS_ONE', 'E91', 'EIGHT_STATE', 'SIX_STATE']"
0.3150466752460955,0.17786378716066673,0.3046925614174634,0.39667803103275645,"['SIX_STATE', 'E91', 'EIGHT_STATE', 'THREE_PLUS_ONE', 'BB84', 'DECOY_BB84']"
0.3649260059900899,0.041939189093168176,0.32786121951048947,0.26603100097137516,"['SIX_STATE', 'E91', 'EIGHT_STATE', 'THREE_PLUS_ONE', 'DECOY_BB84', 'BB84']"
0.308010916953251,0.3845249917261426,0.3002772605428588,0.18887368518387512,"['E91', 'THREE_PLUS_ONE', 'EIGHT_STATE', 'BB84', 'SIX_STATE', 'DECOY_BB84']"
0.18574917405872948,0.3230290748272872,0.04620922522339485,0.11307981080623848,"['BB84', 'DECOY_BB84', 'THREE_PLUS_ONE', 'E91', 'EIGHT_STATE', 'SIX_STATE']"
0.3078622643494482,0.04650785028568074,0.051741844637445564,0.24485736492462853,"['BB84', 'DECOY_BB84', 'THREE_PLUS_ONE', 'SIX_STATE', 'EIGHT_STATE', 'E91']"
0.3748486889299672,0.015635840261848062,0.39852209645388925,0.026165565572494914,"['DECOY_BB84', 'BB84', 'SIX_STATE', 'THREE_PLUS_ONE', 'E91', 'EIGHT_STATE']"
0.01318261259901606,0.1469878090410531,0.2581844867127404,0.11818301135038092,"['DECOY_BB84', 'BB84', 'THREE_PLUS_ONE', 'SIX_STATE', 'EIGHT_STATE', 'E91']"
0.222937083998256,0.043482967385830906,0.04074139073729005,0.1804482001188055,"['DECOY_BB84', 'BB84', 'THREE_PLUS_ONE', 'SIX_STATE', 'EIGHT_STATE', 'E91']"
0.058642261353870184,0.31995686315665767,0.0761461716434052,0.15909345623419263,"['BB84', 'DECOY_BB84', 'THREE_PLUS_ONE', 'E91', 'EIGHT_STATE', 'SIX_STATE']"
0.33557357621712647,0.3625816335439799,0.07001028158810879,0.13824908471293057,"['BB84', 'DECOY_BB84', 'THREE_PLUS_ONE', 'E91', 'EIGHT_STATE', 'SIX_STATE']"
0.37860987236754223,0.39371532933726827,0.361352641541394,0.36211485900120444,"['E91', 'EIGHT_STATE', 'SIX_STATE', 'THREE_PLUS_ONE', 'BB84', 'DECOY_BB84']"
0.0490845062599412,0.13932857248008892,0.3265356323609321,0.011599406700404455,"['DECOY_BB84', 'BB84', 'THREE_PLUS_ONE', 'SIX_STATE', 'E91', 'EIGHT_STATE']"
0.32880048359977393,0.37880021839920813,0.22938873042460353,0.26807937745672894,"['E91', 'EIGHT_STATE', 'THREE_PLUS_ONE', 'SIX_STATE', 'BB84', 'DECOY_BB84']"
0.32655802375895115,0.25242614087129445,0.31076372247248596,0.20291408947476278,"['THREE_PLUS_ONE', 'E91', 'EIGHT_STATE', 'BB84', 'SIX_STATE', 'DECOY_BB84']"
0.018780281161613187,0.3961802414307146,0.02467670726323626,0.3153498627104525,"['EIGHT_STATE', 'E91', 'SIX_STATE', 'THREE_PLUS_ONE', 'BB84', 'DECOY_BB84']"
0.08338725877939884,0.3948349293147729,0.08214443937461925,0.37448751743279096,"['E91', 'EIGHT_STATE', 'SIX_STATE', 'THREE_PLUS_ONE', 'BB84', 'DECOY_BB84']"
0.01608547721846497,0.20152318298699298,0.26248233438226737,0.23533806103853108,"['THREE_PLUS_ONE', 'SIX_STATE', 'BB84', 'DECOY_BB84', 'EIGHT_STATE', 'E91']"
0.25119085103929084,0.165375716284466,0.26778960966497456,0.15034038860102522,"['DECOY_BB84', 'BB84', 'THREE_PLUS_ONE', 'SIX_STATE', 'EIGHT_STATE', 'E91']"
0.3685977327670034,0.33211505528329,0.2986421077779462,0.14198452693211194,"['E91', 'THREE_PLUS_ONE', 'EIGHT_STATE', 'BB84', 'DECOY_BB84', 'SIX_STATE']"
0.25972724942791064,0.22947188532587376,0.38478835501062103,0.14916460835633552,"['THREE_PLUS_ONE', 'BB84', 'DECOY_BB84', 'SIX_STATE', 'E91', 'EIGHT_STATE']"
0.22314739034705405,0.33190373146823804,0.03977655350305033,0.174110225362575,"['BB84', 'DECOY_BB84', 'THREE_PLUS_ONE', 'E91', 'EIGHT_STATE', 'SIX_STATE']"
0.19350274428821995,0.3087838874750496,0.08300705508614804,0.38352355011516676,"['E91', 'EIGHT_STATE', 'SIX_STATE', 'THREE_PLUS_ONE', 'BB84', 'DECOY_BB84']"
0.3679017061975096,0.30574225524973647,0.222753077056367,0.26118445817697994,"['E91', 'THREE_PLUS_ONE', 'EIGHT_STATE', 'SIX_STATE', 'BB84', 'DECOY_BB84']"
0.1942378310096495,0.0695624447612385,0.25056174548389765,0.21963377714219223,"['THREE_PLUS_ONE', 'BB84', 'DECOY_BB84', 'SIX_STATE', 'EIGHT_STATE', 'E91']"
0.37457500141494465,0.3842709839095001,0.10690416385330583,0.03963374795383051,"['BB84', 'DECOY_BB84', 'THREE_PLUS_ONE', 'E91', 'EIGHT_STATE', 'SIX_STATE']"
0.03159253806612601,0.14937999629360563,0.13131838802130688,0.11007520895715107,"['DECOY_BB84', 'BB84', 'THREE_PLUS_ONE', 'SIX_STATE', 'EIGHT_STATE', 'E91']"
0.016867464959240276,0.029024072560807405,0.09933666683300718,0.34107474477452293,"['SIX_STATE', 'BB84', 'DECOY_BB84', 'EIGHT_STATE', 'THREE_PLUS_ONE', 'E91']"
0.1853065216777081,0.24820799948361857,0.17034305617618012,0.2613229731643042,"['THREE_PLUS_ONE', 'EIGHT_STATE', 'SIX_STATE', 'BB84', 'E91', 'DECOY_BB84']"
0.262541742160805,0.24294530778955412,0.27016785439129365,0.038439207250522335,"['THREE_PLUS_ONE', 'BB84', 'DECOY_BB84', 'EIGHT_STATE', 'SIX_STATE', 'E91']"
0.24812504466454807,0.07468129787666127,0.2117628351474222,0.22340395428939497,"['BB84', 'DECOY_BB84', 'THREE_PLUS_ONE', 'SIX_STATE', 'EIGHT_STATE', 'E91']"
0.011335072010878744,0.2944371212359783,0.11445590595253492,0.35760316245273605,"['EIGHT_STATE', 'E91', 'SIX_STATE', 'THREE_PLUS_ONE', 'BB84', 'DECOY_BB84']"
0.2954492227706102,0.32473382885683943,0.19144961006529104,0.3779614556634299,"['E91', 'EIGHT_STATE', 'SIX_STATE', 'THREE_PLUS_ONE', 'BB84', 'DECOY_BB84']"
0.07056783201263962,0.11234729611415663,0.190496926981479,0.304293215013399,"['SIX_STATE', 'EIGHT_STATE', 'BB84', 'DECOY_BB84', 'THREE_PLUS_ONE', 'E91']"
0.3455322000290507,0.055287829172423045,0.144866818453488,0.08795763498652553,"['DECOY_BB84', 'BB84', 'THREE_PLUS_ONE', 'SIX_STATE', 'EIGHT_STATE', 'E91']"
0.31219486802578483,0.2827101811649388,0.14895352399603265,0.13813037084529914,"['BB84', 'DECOY_BB84', 'THREE_PLUS_ONE', 'E91', 'EIGHT_STATE', 'SIX_STATE']"
0.0781448517152004,0.08926752050768434,0.17683588169392006,0.19379456202145287,"['DECOY_BB84', 'BB84', 'THREE_PLUS_ONE', 'SIX_STATE', 'EIGHT_STATE', 'E91']"
0.19607831614442114,0.19117999141515424,0.1117173934027486,0.34041486484199124,"['SIX_STATE', 'EIGHT_STATE', 'BB84', 'THREE_PLUS_ONE', 'E91', 'DECOY_BB84']"
0.33712065981775025,0.2329594356846053,0.02043748388373258,0.053827467289729286,"['BB84', 'DECOY_BB84', 'THREE_PLUS_ONE', 'SIX_STATE', 'EIGHT_STATE', 'E91']"
0.2894935532579452,0.39972567566112427,0.08137401022089963,0.3439961380657239,"['E91', 'EIGHT_STATE', 'SIX_STATE', 'THREE_PLUS_ONE', 'BB84', 'DECOY_BB84']"
0.2809988773055206,0.19385847964400388,0.3849227264482474,0.2056070629730617,"['BB84', 'THREE_PLUS_ONE', 'SIX_STATE', 'DECOY_BB84', 'E91', 'EIGHT_STATE']"
0.058511208811807956,0.03313511393870018,0.1277252197940998,0.2868105024054569,"['SIX_STATE', 'BB84', 'DECOY_BB84', 'THREE_PLUS_ONE', 'EIGHT_STATE', 'E91']"
0.3532532065445183,0.2771808133062753,0.3793684342974623,0.24402317560497253,"['E91', 'EIGHT_STATE', 'THREE_PLUS_ONE', 'SIX_STATE', 'BB84', 'DECOY_BB84']"
0.036633966108480756,0.2599128135298286,0.37661803176556036,0.39030747238905206,"['E91', 'EIGHT_STATE', 'SIX_STATE', 'THREE_PLUS_ONE', 'BB84', 'DECOY_BB84']"
0.35260044401945617,0.16097095242156584,0.03059802555825008,0.3916811650898463,"['SIX_STATE', 'EIGHT_STATE', 'BB84', 'DECOY_BB84', 'THREE_PLUS_ONE', 'E91']"
0.32065504162499353,0.08176434614303967,0.026661326414104736,0.13394373227001566,"['DECOY_BB84', 'BB84', 'THREE_PLUS_ONE', 'SIX_STATE', 'EIGHT_STATE', 'E91']"
0.219257344908947,0.011050319277062825,0.23691453869175333,0.14606968410626914,"['DECOY_BB84', 'BB84', 'THREE_PLUS_ONE', 'SIX_STATE', 'EIGHT_STATE', 'E91']"
0.10484981301775037,0.2728183345660838,0.2769973400493163,0.18076957056916676,"['THREE_PLUS_ONE', 'E91', 'EIGHT_STATE', 'BB84', 'DECOY_BB84', 'SIX_STATE']"
0.13419326815130858,0.2412717263065784,0.05043891150654639,0.04736754429522271,"['BB84', 'DECOY_BB84', 'THREE_PLUS_ONE', 'EIGHT_STATE', 'SIX_STATE', 'E91']"
0.2840075351107787,0.32323731718039606,0.175558551821187,0.1117879032061246,"['BB84', 'DECOY_BB84', 'THREE_PLUS_ONE', 'E91', 'EIGHT_STATE', 'SIX_STATE']"
0.11566801954846417,0.35891913077837895,0.06336403826691392,0.011143826217578671,"['BB84', 'DECOY_BB84', 'THREE_PLUS_ONE', 'E91', 'EIGHT_STATE', 'SIX_STATE']"
0.11493993837968554,0.09904090234654947,0.3148158078273821,0.17880871014430025,"['DECOY_BB84', 'BB84', 'THREE_PLUS_ONE', 'SIX_STATE', 'E91', 'EIGHT_STATE']"
0.32965279282550597,0.33214557386162813,0.10625378797323463,0.2902646661077148,"['E91', 'EIGHT_STATE', 'SIX_STATE', 'THREE_PLUS_ONE', 'BB84', 'DECOY_BB84']"
0.13322870361137762,0.27580247508821654,0.012331979155779127,0.3587710545820656,"['E91', 'EIGHT_STATE', 'SIX_STATE', 'THREE_PLUS_ONE', 'BB84', 'DECOY_BB84']"
0.2657495060387141,0.12431341826413984,0.26734780820376586,0.15659084013873323,"['DECOY_BB84', 'BB84', 'THREE_PLUS_ONE', 'SIX_STATE', 'EIGHT_STATE', 'E91']"
0.3604156379875815,0.030683487692834084,0.07512108982877115,0.38244943810913085,"['SIX_STATE', 'EIGHT_STATE', 'BB84', 'DECOY_BB84', 'THREE_PLUS_ONE', 'E91']"
0.3909509272367385,0.1260338354382986,0.37197253437508987,0.222841826873162,"['SIX_STATE', 'THREE_PLUS_ONE', 'BB84', 'DECOY_BB84', 'E91', 'EIGHT_STATE']"
0.040730073740761374,0.2677290006206253,0.1507049224633365,0.29482895614418275,"['EIGHT_STATE', 'E91', 'SIX_STATE', 'THREE_PLUS_ONE', 'BB84', 'DECOY_BB84']"
0.20549187917831466,0.27408018595876604,0.12047745158000112,0.1303202524564422,"['BB84', 'DECOY_BB84', 'THREE_PLUS_ONE', 'E91', 'EIGHT_STATE', 'SIX_STATE']"
0.39085220931337694,0.17245295438042896,0.03119643810458561,0.3403372170912148,"['SIX_STATE', 'EIGHT_STATE', 'BB84', 'DECOY_BB84', 'THREE_PLUS_ONE', 'E91']"
0.07907446177460561,0.0796025193989017,0.17617223800747656,0.2487703543643978,"['BB84', 'DECOY_BB84', 'THREE_PLUS_ONE', 'SIX_STATE', 'EIGHT_STATE', 'E91']"
0.08448372479900801,0.12193039228253691,0.23206452874565678,0.2870457255149134,"['SIX_STATE', 'BB84', 'DECOY_BB84', 'THREE_PLUS_ONE', 'EIGHT_STATE', 'E91']"
0.21033683076135787,0.20010131067548245,0.3089547070073799,0.03138425467645509,"['BB84', 'DECOY_BB84', 'THREE_PLUS_ONE', 'SIX_STATE', 'E91', 'EIGHT_STATE']"
0.32869687236632744,0.15503048217951457,0.10824660110913685,0.13383770896184866,"['DECOY_BB84', 'BB84', 'THREE_PLUS_ONE', 'SIX_STATE', 'EIGHT_STATE', 'E91']"
0.2284631181022304,0.05809017453216264,0.22164897607839368,0.15268881539610593,"['DECOY_BB84', 'BB84', 'THREE_PLUS_ONE', 'SIX_STATE', 'EIGHT_STATE', 'E91']"
0.2897521018543151,0.3202932576631487,0.21937588970875893,0.3080956732757856,"['E91', 'EIGHT_STATE', 'SIX_STATE', 'THREE_PLUS_ONE', 'BB84', 'DECOY_BB84']"
0.16710725778005417,0.3676372547355926,0.12446834514743434,0.361274780049131,"['E91', 'EIGHT_STATE', 'SIX_STATE', 'THREE_PLUS_ONE', 'BB84', 'DECOY_BB84']"
0.1411012728680137,0.06659955152719214,0.19904534285077946,0.09109535362116752,"['DECOY_BB84', 'BB84', 'THREE_PLUS_ONE', 'SIX_STATE', 'EIGHT_STATE', 'E91']"
0.055771911291707,0.3438015404489304,0.185798407221125,0.20236056739807606,"['BB84', 'THREE_PLUS_ONE', 'DECOY_BB84', 'E91', 'EIGHT_STATE', 'SIX_STATE']"
0.10212925023784712,0.3186094218541393,0.12909590606050517,0.356373730140396,"['E91', 'EIGHT_STATE', 'SIX_STATE', 'THREE_PLUS_ONE', 'BB84', 'DECOY_BB84']"
0.3040951519327289,0.18727255725255015,0.22444629569126293,0.22384386935284367,"['BB84', 'THREE_PLUS_ONE', 'DECOY_BB84', 'SIX_STATE', 'EIGHT_STATE', 'E91']"
0.051453870454549494,0.23547370788798436,0.05266325597248011,0.03578254622929473,"['BB84', 'DECOY_BB84', 'THREE_PLUS_ONE', 'SIX_STATE', 'EIGHT_STATE', 'E91']"
0.2901506757220906,0.3787089688932996,0.23508296494032496,0.2669645427613403,"['E91', 'EIGHT_STATE', 'THREE_PLUS_ONE', 'SIX_STATE', 'BB84', 'DECOY_BB84']"
0.08608189504274563,0.07792330609041247,0.15248459083933935,0.19038376685436081,"['DECOY_BB84', 'BB84', 'THREE_PLUS_ONE', 'SIX_STATE', 'EIGHT_STATE', 'E91']"
0.2256904127451658,0.34581498931952753,0.3979816495193439,0.20797277146926327,"['E91', 'THREE_PLUS_ONE', 'EIGHT_STATE', 'SIX_STATE', 'BB84', 'DECOY_BB84']"
0.0867142599035335,0.21075299475544,0.09524591396332628,0.21769403823159836,"['BB84', 'THREE_PLUS_ONE', 'DECOY_BB84', 'SIX_STATE', 'EIGHT_STATE', 'E91']"
0.21140172215049927,0.2538041537861146,0.098540771006271,0.016273977567852448,"['BB84', 'DECOY_BB84', 'THREE_PLUS_ONE', 'EIGHT_STATE', 'SIX_STATE', 'E91']"
0.1603462855616464,0.3665167879599053,0.30647300444039705,0.27957266979035134,"['E91', 'EIGHT_STATE', 'SIX_STATE', 'THREE_PLUS_ONE', 'BB84', 'DECOY_BB84']"
0.22694945768242825,0.06572384051673512,0.20131902312296737,0.1089787946014916,"['DECOY_BB84', 'BB84', 'THREE_PLUS_ONE', 'SIX_STATE', 'EIGHT_STATE', 'E91']"
0.117153677144683,0.16109009546504852,0.33874125415998657,0.07352816279642459,"['DECOY_BB84', 'BB84', 'THREE_PLUS_ONE', 'SIX_STATE', 'E91', 'EIGHT_STATE']"
0.06788147507403675,0.3758242767289308,0.3153161337496458,0.32681244297985973,"['E91', 'EIGHT_STATE', 'SIX_STATE', 'THREE_PLUS_ONE', 'BB84', 'DECOY_BB84']"
0.22556789531824872,0.06158140215710041,0.2494293371448771,0.20134629884977312,"['DECOY_BB84', 'BB84', 'THREE_PLUS_ONE', 'SIX_STATE', 'EIGHT_STATE', 'E91']"
0.2403722250476122,0.3148003050414677,0.06883378792237677,0.13334095360670603,"['BB84', 'DECOY_BB84', 'THREE_PLUS_ONE', 'E91', 'EIGHT_STATE', 'SIX_STATE']"
0.14420320628956618,0.3059782337607585,0.395172737242522,0.29673198465796974,"['E91', 'EIGHT_STATE', 'SIX_STATE', 'THREE_PLUS_ONE', 'BB84', 'DECOY_BB84']"
0.09172941467665184,0.2895768394465235,0.32415368679495676,0.020762916142854974,"['E91', 'THREE_PLUS_ONE', 'EIGHT_STATE', 'BB84', 'DECOY_BB84', 'SIX_STATE']"
0.025485014832252448,0.36332012431356675,0.11176958033999823,0.3574138075025243,"['EIGHT_STATE', 'E91', 'SIX_STATE', 'THREE_PLUS_ONE', 'BB84', 'DECOY_BB84']"
0.20876139772045527,0.24384895777801643,0.31847576913049497,0.2796066696683638,"['E91', 'EIGHT_STATE', 'SIX_STATE', 'THREE_PLUS_ONE', 'BB84', 'DECOY_BB84']"
0.26537604742584786,0.18921062646927528,0.24475628838635427,0.23466876057976396,"['THREE_PLUS_ONE', 'BB84', 'SIX_STATE', 'DECOY_BB84', 'EIGHT_STATE', 'E91']"
0.010702141244170576,0.03362365491816047,0.23870240600445553,0.3215765020378692,"['SIX_STATE', 'EIGHT_STATE', 'BB84', 'DECOY_BB84', 'THREE_PLUS_ONE', 'E91']"
0.363340239252159,0.23970277875449938,0.14418596713960982,0.10732554571398951,"['BB84', 'DECOY_BB84', 'THREE_PLUS_ONE', 'EIGHT_STATE', 'SIX_STATE', 'E91']"
0.2767004673041173,0.18200021060133498,0.1905685161255194,0.12706286762261423,"['DECOY_BB84', 'BB84', 'THREE_PLUS_ONE', 'SIX_STATE', 'EIGHT_STATE', 'E91']"
0.2089607788404187,0.39120751172495494,0.05611786282874045,0.1909558452521071,"['BB84', 'THREE_PLUS_ONE', 'DECOY_BB84', 'E91', 'EIGHT_STATE', 'SIX_STATE']"
0.1490504667100883,0.09701993480342103,0.07274460794423857,0.33889309840113485,"['SIX_STATE', 'EIGHT_STATE', 'BB84', 'DECOY_BB84', 'THREE_PLUS_ONE', 'E91']"
0.17688827034584456,0.13913075554082358,0.2680654684893066,0.037027442775841045,"['DECOY_BB84', 'BB84', 'THREE_PLUS_ONE', 'SIX_STATE', 'EIGHT_STATE', 'E91']"
0.38341328495405674,0.2654301214410708,0.11867737151652934,0.201230864588431,"['BB84', 'THREE_PLUS_ONE', 'DECOY_BB84', 'EIGHT_STATE', 'E91', 'SIX_STATE']"
0.31307472870755176,0.15138277605395994,0.28938791404696657,0.3114687595871031,"['SIX_STATE', 'EIGHT_STATE', 'E91', 'THREE_PLUS_ONE', 'BB84', 'DECOY_BB84']"
0.2320989704794479,0.31461521971122236,0.37650663182779043,0.2505576690190398,"['E91', 'EIGHT_STATE', 'SIX_STATE', 'THREE_PLUS_ONE', 'BB84', 'DECOY_BB84']"
0.27131575985619605,0.09555259491284443,0.035661553447179674,0.13703063057655634,"['DECOY_BB84', 'BB84', 'THREE_PLUS_ONE', 'SIX_STATE', 'EIGHT_STATE', 'E91']"
0.031432472645928564,0.1207939238893632,0.3344113549867466,0.32313817992630156,"['SIX_STATE', 'EIGHT_STATE', 'E91', 'THREE_PLUS_ONE', 'BB84', 'DECOY_BB84']"
0.0789987110351809,0.13816013369713134,0.3594061622424122,0.14617309537138895,"['DECOY_BB84', 'BB84', 'THREE_PLUS_ONE', 'SIX_STATE', 'E91', 'EIGHT_STATE']"
0.2934569045142161,0.14307462645212024,0.2354764362899076,0.1042081796762629,"['DECOY_BB84', 'BB84', 'THREE_PLUS_ONE', 'SIX_STATE', 'EIGHT_STATE', 'E91']"
0.27581665641086506,0.1272092149006634,0.08752996430104298,0.3576107128892741,"['SIX_STATE', 'EIGHT_STATE', 'BB84', 'DECOY_BB84', 'THREE_PLUS_ONE', 'E91']"
0.01785888985373805,0.35373552649472384,0.03464580781735014,0.39310458909714213,"['EIGHT_STATE', 'E91', 'SIX_STATE', 'THREE_PLUS_ONE', 'BB84', 'DECOY_BB84']"
0.0298129642267511,0.20316135791844178,0.1747760571450223,0.23942706264551353,"['BB84', 'THREE_PLUS_ONE', 'DECOY_BB84', 'SIX_STATE', 'EIGHT_STATE', 'E91']"
0.05839999792770468,0.08303115573210895,0.017217290682679246,0.050637953169267204,"['DECOY_BB84', 'BB84', 'THREE_PLUS_ONE', 'SIX_STATE', 'EIGHT_STATE', 'E91']"
0.3840657931981233,0.15697384166535416,0.30405589483975926,0.028488030726805315,"['DECOY_BB84', 'BB84', 'SIX_STATE', 'THREE_PLUS_ONE', 'E91', 'EIGHT_STATE']"
0.07877650738036933,0.23616550344936194,0.10235150839749753,0.12392149420083491,"['BB84', 'DECOY_BB84', 'THREE_PLUS_ONE', 'SIX_STATE', 'EIGHT_STATE', 'E91']"
0.19635018868205523,0.18303260134676935,0.1661946412794178,0.2303956584395386,"['BB84', 'THREE_PLUS_ONE', 'DECOY_BB84', 'SIX_STATE', 'EIGHT_STATE', 'E91']"
0.2075598133169953,0.389469873649593,0.2607649791666618,0.19840674934297547,"['THREE_PLUS_ONE', 'BB84', 'E91', 'EIGHT_STATE', 'SIX_STATE', 'DECOY_BB84']"
0.32106431588070655,0.029115871205565615,0.02251392624140737,0.11919142289063621,"['DECOY_BB84', 'BB84', 'THREE_PLUS_ONE', 'SIX_STATE', 'EIGHT_STATE', 'E91']"
0.2464040509361518,0.17793126998246075,0.23515588436914547,0.18306315455862532,"['DECOY_BB84', 'BB84', 'THREE_PLUS_ONE', 'SIX_STATE', 'EIGHT_STATE', 'E91']"
0.3012522758963073,0.3058192797745397,0.3872775807888816,0.39626320068030874,"['E91', 'EIGHT_STATE', 'SIX_STATE', 'THREE_PLUS_ONE', 'BB84', 'DECOY_BB84']"
0.20890284538299012,0.29123817801121743,0.13030721284067767,0.3452758565361833,"['E91', 'EIGHT_STATE', 'SIX_STATE', 'THREE_PLUS_ONE', 'BB84', 'DECOY_BB84']"
0.22235014232778874,0.14073245091252087,0.28617408393782745,0.14915556234753882,"['DECOY_BB84', 'BB84', 'THREE_PLUS_ONE', 'SIX_STATE', 'EIGHT_STATE', 'E91']"
0.3138138539234307,0.31514643489147415,0.18807809161523126,0.12708333614802342,"['BB84', 'DECOY_BB84', 'THREE_PLUS_ONE', 'E91', 'EIGHT_STATE', 'SIX_STATE']"
0.34006588479888344,0.11387777374881179,0.1771534239903948,0.24594598273118445,"['BB84', 'DECOY_BB84', 'THREE_PLUS_ONE', 'SIX_STATE', 'EIGHT_STATE', 'E91']"
0.15734470735459888,0.060031840477085915,0.06992124721122195,0.025425800527296177,"['DECOY_BB84', 'BB84', 'THREE_PLUS_ONE', 'SIX_STATE', 'EIGHT_STATE', 'E91']"
0.013408546942240102,0.19805628180253007,0.05715272175205391,0.01583027265321779,"['DECOY_BB84', 'BB84', 'THREE_PLUS_ONE', 'SIX_STATE', 'EIGHT_STATE', 'E91']"
0.3679449067731603,0.20203477728293331,0.21338605881687578,0.3907191263777309,"['SIX_STATE', 'EIGHT_STATE', 'BB84', 'THREE_PLUS_ONE', 'E91', 'DECOY_BB84']"
0.3572827225590158,0.28797306765419234,0.09594951680846034,0.256807139895661,"['THREE_PLUS_ONE', 'E91', 'EIGHT_STATE', 'BB84', 'SIX_STATE', 'DECOY_BB84']"
0.2909238518041698,0.1315939957454071,0.21953617038135928,0.03323320447418254,"['DECOY_BB84', 'BB84', 'THREE_PLUS_ONE', 'SIX_STATE', 'EIGHT_STATE', 'E91']"
0.16786315687756698,0.04541687987500221,0.07344952807710911,0.3772631333777315,"['SIX_STATE', 'EIGHT_STATE', 'BB84', 'DECOY_BB84', 'THREE_PLUS_ONE', 'E91']"
0.2005803709287226,0.1700032563980032,0.2724516831051886,0.07807607913717696,"['DECOY_BB84', 'BB84', 'THREE_PLUS_ONE', 'SIX_STATE', 'EIGHT_STATE', 'E91']"
0.25866811871268597,0.11271654743314727,0.2996230362520971,0.013528454804661742,"['DECOY_BB84', 'BB84', 'SIX_STATE', 'THREE_PLUS_ONE', 'E91', 'EIGHT_STATE']"
0.3893683690159808,0.2839152673100295,0.05429424109961776,0.1378240612454581,"['BB84', 'DECOY_BB84', 'THREE_PLUS_ONE', 'E91', 'EIGHT_STATE', 'SIX_STATE']"
0.1607106970765776,0.14143602360544608,0.16376122718289168,0.013585322072109628,"['DECOY_BB84', 'BB84', 'THREE_PLUS_ONE', 'SIX_STATE', 'EIGHT_STATE', 'E91']"
0.28485164007916847,0.3841693405231941,0.07322015494463688,0.10402288846189599,"['BB84', 'DECOY_BB84', 'THREE_PLUS_ONE', 'E91', 'EIGHT_STATE', 'SIX_STATE']"
0.38243360609295396,0.0426726023134406,0.38199513589424033,0.22087494385596126,"['SIX_STATE', 'THREE_PLUS_ONE', 'BB84', 'DECOY_BB84', 'E91', 'EIGHT_STATE']"
0.3800205045016732,0.30835546954040977,0.31606248977666096,0.08611312533944158,"['E91', 'THREE_PLUS_ONE', 'EIGHT_STATE', 'DECOY_BB84', 'BB84', 'SIX_STATE']"
0.3337429762157506,0.13330608350209247,0.3280436063248555,0.27179935725021187,"['SIX_STATE', 'E91', 'EIGHT_STATE', 'THREE_PLUS_ONE', 'BB84', 'DECOY_BB84']"
0.24453818112543932,0.061436677079791516,0.3102103342896682,0.058798754395622654,"['DECOY_BB84', 'BB84', 'THREE_PLUS_ONE', 'SIX_STATE', 'E91', 'EIGHT_STATE']"
0.19099760365670218,0.2949389319625582,0.1929021999335102,0.30041302258555014,"['E91', 'EIGHT_STATE', 'SIX_STATE', 'THREE_PLUS_ONE', 'BB84', 'DECOY_BB84']"
0.3447761381678832,0.1362089704544416,0.28696421031249314,0.11939375642668304,"['DECOY_BB84', 'BB84', 'SIX_STATE', 'THREE_PLUS_ONE', 'EIGHT_STATE', 'E91']"
0.2595579727161035,0.09486669344253702,0.053475828813798545,0.16577575999966884,"['DECOY_BB84', 'BB84', 'THREE_PLUS_ONE', 'SIX_STATE', 'EIGHT_STATE', 'E91']"
0.1439097556664764,0.11249477953464827,0.07853784334939526,0.1473196959372368,"['DECOY_BB84', 'BB84', 'THREE_PLUS_ONE', 'SIX_STATE', 'EIGHT_STATE', 'E91']"
0.12003520966431938,0.3563120734125615,0.22912093523813493,0.027066075080856948,"['BB84', 'DECOY_BB84', 'THREE_PLUS_ONE', 'E91', 'EIGHT_STATE', 'SIX_STATE']"
0.10728641788225546,0.2211604314723914,0.11103111234222102,0.23227557552343608,"['THREE_PLUS_ONE', 'BB84', 'DECOY_BB84', 'SIX_STATE', 'EIGHT_STATE', 'E91']"
0.3175067347996894,0.11321413350561113,0.06398293802161688,0.27979223696526445,"['SIX_STATE', 'BB84', 'DECOY_BB84', 'THREE_PLUS_ONE', 'EIGHT_STATE', 'E91']"
0.3016843719588943,0.07753586413794067,0.3420886466078878,0.19739045750754539,"['DECOY_BB84', 'BB84', 'SIX_STATE', 'THREE_PLUS_ONE', 'E91', 'EIGHT_STATE']"
0.29088859124530503,0.2958370605539784,0.3598663785623978,0.33811198233501893,"['E91', 'EIGHT_STATE', 'SIX_STATE', 'THREE_PLUS_ONE', 'BB84', 'DECOY_BB84']"
0.34636038984362094,0.2385701872423422,0.09457359841372429,0.057226839465459936,"['BB84', 'DECOY_BB84', 'THREE_PLUS_ONE', 'EIGHT_STATE', 'SIX_STATE', 'E91']"
0.340097205830597,0.0970047938198925,0.36393899838509963,0.3465730553163177,"['SIX_STATE', 'E91', 'EIGHT_STATE', 'THREE_PLUS_ONE', 'DECOY_BB84', 'BB84']"
0.1609948674709926,0.15160358575063998,0.3872806334470311,0.05269470040881784,"['DECOY_BB84', 'BB84', 'THREE_PLUS_ONE', 'SIX_STATE', 'E91', 'EIGHT_STATE']"
0.3333993225496131,0.19278643083489436,0.39634748644085244,0.15866054521971854,"['DECOY_BB84', 'BB84', 'SIX_STATE', 'THREE_PLUS_ONE', 'E91', 'EIGHT_STATE']"
0.10194119773643807,0.1273523983897603,0.24948431133987772,0.26544750057448185,"['SIX_STATE', 'THREE_PLUS_ONE', 'DECOY_BB84', 'BB84', 'EIGHT_STATE', 'E91']"
0.015406338056765202,0.38166889132996623,0.3277788117698372,0.03993209571971231,"['E91', 'THREE_PLUS_ONE', 'BB84', 'DECOY_BB84', 'EIGHT_STATE', 'SIX_STATE']"
0.258730340575341,0.01587535722602375,0.15934856508317197,0.06861459829544295,"['DECOY_BB84', 'BB84', 'THREE_PLUS_ONE', 'SIX_STATE', 'EIGHT_STATE', 'E91']"
0.2798060190408307,0.2642492028253062,0.18689860640298844,0.3495319834491915,"['EIGHT_STATE', 'E91', 'SIX_STATE', 'THREE_PLUS_ONE', 'BB84', 'DECOY_BB84']"
0.2014916075350605,0.22362757554907906,0.13708298699876006,0.32061770607146056,"['EIGHT_STATE', 'SIX_STATE', 'THREE_PLUS_ONE', 'E91', 'BB84', 'DECOY_BB84']"
0.2310536260202326,0.0510111400384941,0.29203157172484356,0.0431114945752283,"['DECOY_BB84', 'BB84', 'SIX_STATE', 'THREE_PLUS_ONE', 'EIGHT_STATE', 'E91']"
0.2772971246620982,0.18562361823332882,0.08436577727510126,0.023727279115842593,"['DECOY_BB84', 'BB84', 'THREE_PLUS_ONE', 'SIX_STATE', 'EIGHT_STATE', 'E91']"
0.1592151903924534,0.11467575751703235,0.08103304469172319,0.1569721372940263,"['DECOY_BB84', 'BB84', 'THREE_PLUS_ONE', 'SIX_STATE', 'EIGHT_STATE', 'E91']"
0.0843364885476628,0.21458232994274545,0.08218005813701927,0.09861729127577726,"['BB84', 'DECOY_BB84', 'THREE_PLUS_ONE', 'SIX_STATE', 'EIGHT_STATE', 'E91']"
0.11170497473820863,0.28281010524595224,0.034577143051605704,0.309303616636975,"['E91', 'EIGHT_STATE', 'SIX_STATE', 'THREE_PLUS_ONE', 'BB84', 'DECOY_BB84']"
0.3835725298614737,0.3657296393130781,0.14066205798813866,0.06423287801203947,"['DECOY_BB84', 'BB84', 'THREE_PLUS_ONE', 'E91', 'EIGHT_STATE', 'SIX_STATE']"
0.19942198238866607,0.06386902240377335,0.11839326455741556,0.33874873710611264,"['SIX_STATE', 'EIGHT_STATE', 'BB84', 'DECOY_BB84', 'THREE_PLUS_ONE', 'E91']"
0.16156418530298428,0.12699695286199444,0.3555057963454051,0.39345050619369,"['SIX_STATE', 'E91', 'EIGHT_STATE', 'THREE_PLUS_ONE', 'BB84', 'DECOY_BB84']"
0.2541370086284982,0.021289784011665654,0.29470140340650763,0.3504918838109113,"['SIX_STATE', 'EIGHT_STATE', 'E91', 'THREE_PLUS_ONE', 'BB84', 'DECOY_BB84']"
0.0626845448654181,0.2060366826862153,0.09838794292947382,0.24612517932798422,"['BB84', 'THREE_PLUS_ONE', 'SIX_STATE', 'DECOY_BB84', 'EIGHT_STATE', 'E91']"
0.24959793801112223,0.06325490618445996,0.10876426760787537,0.03086069570988309,"['DECOY_BB84', 'BB84', 'THREE_PLUS_ONE', 'SIX_STATE', 'EIGHT_STATE', 'E91']"
0.06916854126607072,0.0767148906631633,0.15518733629454484,0.19624462840693452,"['DECOY_BB84', 'BB84', 'THREE_PLUS_ONE', 'SIX_STATE', 'EIGHT_STATE', 'E91']"
0.04417646130206613,0.09952928871945554,0.11563567845357611,0.21723261629168092,"['BB84', 'DECOY_BB84', 'THREE_PLUS_ONE', 'SIX_STATE', 'EIGHT_STATE', 'E91']"
0.037187830469806255,0.06731629908696067,0.37860060243066224,0.20859801947633305,"['BB84', 'DECOY_BB84', 'THREE_PLUS_ONE', 'SIX_STATE', 'EIGHT_STATE', 'E91']"
0.17929814489321938,0.029267673145003892,0.1770659553321801,0.21995243223618335,"['BB84', 'DECOY_BB84', 'THREE_PLUS_ONE', 'SIX_STATE', 'EIGHT_STATE', 'E91']"
0.14711609073339135,0.23128688485689664,0.18872652866959236,0.2107502152948984,"['THREE_PLUS_ONE', 'BB84', 'DECOY_BB84', 'SIX_STATE', 'EIGHT_STATE', 'E91']"
0.2813836591206913,0.34908538829504576,0.24171484149132538,0.0937744676221011,"['THREE_PLUS_ONE', 'BB84', 'DECOY_BB84', 'E91', 'EIGHT_STATE', 'SIX_STATE']"
0.017508804528391344,0.02757161871494456,0.1537455740534314,0.29464758078921793,"['SIX_STATE', 'BB84', 'DECOY_BB84', 'EIGHT_STATE', 'THREE_PLUS_ONE', 'E91']"
0.10655653832757937,0.35091826857974745,0.2578261366049026,0.3342624801838203,"['E91', 'EIGHT_STATE', 'SIX_STATE', 'THREE_PLUS_ONE', 'BB84', 'DECOY_BB84']"
0.2727734249926424,0.20864734654121544,0.288141292540947,0.06665206983313636,"['THREE_PLUS_ONE', 'BB84', 'DECOY_BB84', 'SIX_STATE', 'EIGHT_STATE', 'E91']"
0.1406129122184554,0.15235970135787605,0.03138627890739498,0.04403784540625951,"['DECOY_BB84', 'BB84', 'THREE_PLUS_ONE', 'SIX_STATE', 'EIGHT_STATE', 'E91']"
0.2969979910045213,0.3919331539777718,0.19986506563444897,0.26537920607500326,"['E91', 'EIGHT_STATE', 'THREE_PLUS_ONE', 'SIX_STATE', 'BB84', 'DECOY_BB84']"
0.23130609377098704,0.2462406522440155,0.13405964057075043,0.3798175600925412,"['EIGHT_STATE', 'E91', 'SIX_STATE', 'THREE_PLUS_ONE', 'BB84', 'DECOY_BB84']"
0.24405892545030974,0.3151443321290581,0.13288413487402936,0.29262561467838405,"['E91', 'EIGHT_STATE', 'SIX_STATE', 'THREE_PLUS_ONE', 'BB84', 'DECOY_BB84']"
0.3092181097444969,0.3250735368441179,0.19302915739773388,0.22577088411591198,"['THREE_PLUS_ONE', 'BB84', 'E91', 'EIGHT_STATE', 'DECOY_BB84', 'SIX_STATE']"
0.2512760538420327,0.20804081238752234,0.054404547325921454,0.10681901284013501,"['BB84', 'DECOY_BB84', 'THREE_PLUS_ONE', 'SIX_STATE', 'EIGHT_STATE', 'E91']"
0.38780142055159184,0.22081019748153943,0.3480310569929287,0.35355585343213336,"['E91', 'EIGHT_STATE', 'SIX_STATE', 'THREE_PLUS_ONE', 'BB84', 'DECOY_BB84']"
0.21878504748844277,0.18885799765716463,0.160502575744542,0.09596707991663857,"['DECOY_BB84', 'BB84', 'THREE_PLUS_ONE', 'SIX_STATE', 'EIGHT_STATE', 'E91']"
0.10006609173844262,0.2240787837859017,0.1725761292125059,0.28294770516518913,"['SIX_STATE', 'THREE_PLUS_ONE', 'EIGHT_STATE', 'BB84', 'E91', 'DECOY_BB84']"
0.18744803450678488,0.06277777910328551,0.163121207284564,0.3555998422518208,"['SIX_STATE', 'EIGHT_STATE', 'BB84', 'DECOY_BB84', 'THREE_PLUS_ONE', 'E91']"
0.1857321669389076,0.10700529255579179,0.3061934485608763,0.3316760237156572,"['SIX_STATE', 'E91', 'EIGHT_STATE', 'THREE_PLUS_ONE', 'BB84', 'DECOY_BB84']"
0.2227815106018915,0.17410843066233506,0.26394860465865805,0.3836917160319755,"['SIX_STATE', 'EIGHT_STATE', 'E91', 'THREE_PLUS_ONE', 'DECOY_BB84', 'BB84']"
0.12528759130373934,0.32309569379049596,0.03728548920540106,0.33431944182714624,"['E91', 'EIGHT_STATE', 'SIX_STATE', 'THREE_PLUS_ONE', 'BB84', 'DECOY_BB84']"
0.39122779662125134,0.2857453630447075,0.04388367193914932,0.32394885532864465,"['E91', 'EIGHT_STATE', 'SIX_STATE', 'THREE_PLUS_ONE', 'BB84', 'DECOY_BB84']"
0.2195255989363867,0.2979516367984672,0.2009825553914013,0.1370560711537619,"['BB84', 'DECOY_BB84', 'THREE_PLUS_ONE', 'E91', 'EIGHT_STATE', 'SIX_STATE']"
0.3380496638702405,0.3904842652850874,0.2959408385217117,0.07422558661582056,"['E91', 'THREE_PLUS_ONE', 'EIGHT_STATE', 'BB84', 'DECOY_BB84', 'SIX_STATE']"
0.06440802510744584,0.256628725898297,0.09822265360299329,0.33605263493643955,"['EIGHT_STATE', 'E91', 'SIX_STATE', 'THREE_PLUS_ONE', 'BB84', 'DECOY_BB84']"
0.2698432936741072,0.15759304287261722,0.3883644336586245,0.1262701825374591,"['DECOY_BB84', 'BB84', 'THREE_PLUS_ONE', 'SIX_STATE', 'E91', 'EIGHT_STATE']"
0.20316518075944678,0.26970502427729715,0.30181530834104847,0.2609856774469307,"['E91', 'EIGHT_STATE', 'SIX_STATE', 'THREE_PLUS_ONE', 'BB84', 'DECOY_BB84']"
0.354848664738569,0.11742464643336495,0.28543243973057647,0.12037305013788707,"['DECOY_BB84', 'BB84', 'THREE_PLUS_ONE', 'SIX_STATE', 'EIGHT_STATE', 'E91']"
0.3844980501122546,0.12756707983200746,0.01345248364264052,0.23822643446282446,"['BB84', 'DECOY_BB84', 'THREE_PLUS_ONE', 'SIX_STATE', 'EIGHT_STATE', 'E91']"
0.2528719462970987,0.07138342127322157,0.36806475444640974,0.29105883414607275,"['SIX_STATE', 'E91', 'EIGHT_STATE', 'THREE_PLUS_ONE', 'BB84', 'DECOY_BB84']"
0.3015640582445906,0.07298955969336149,0.18075614274254004,0.03626258455415834,"['DECOY_BB84', 'BB84', 'THREE_PLUS_ONE', 'SIX_STATE', 'EIGHT_STATE', 'E91']"
0.26101274379815986,0.23310815696422946,0.09483830049652833,0.3279255249098448,"['EIGHT_STATE', 'E91', 'SIX_STATE', 'THREE_PLUS_ONE', 'BB84', 'DECOY_BB84']"
0.15423784185798786,0.22298535880078568,0.26644163770499624,0.07530989942083416,"['THREE_PLUS_ONE', 'BB84', 'DECOY_BB84', 'SIX_STATE', 'EIGHT_STATE', 'E91']"
0.08211928507636665,0.2906315356439078,0.18176095394874847,0.34829346168487496,"['E91', 'EIGHT_STATE', 'SIX_STATE', 'THREE_PLUS_ONE', 'BB84', 'DECOY_BB84']"
0.272459884783939,0.3771067119778554,0.05965023207622939,0.35020804495219526,"['E91', 'EIGHT_STATE', 'SIX_STATE', 'THREE_PLUS_ONE', 'BB84', 'DECOY_BB84']"
0.14974416419280154,0.3064512657843856,0.17698407146576478,0.2751652651519293,"['E91', 'EIGHT_STATE', 'SIX_STATE', 'THREE_PLUS_ONE', 'BB84', 'DECOY_BB84']"
0.10630678645414161,0.16355752470216078,0.22133102398218651,0.08754980192989767,"['DECOY_BB84', 'BB84', 'THREE_PLUS_ONE', 'SIX_STATE', 'EIGHT_STATE', 'E91']"
0.3725957076223565,0.3046948825495867,0.3429116094886677,0.38107165992988,"['E91', 'EIGHT_STATE', 'SIX_STATE', 'THREE_PLUS_ONE', 'BB84', 'DECOY_BB84']"
0.3008095117550251,0.1175781104919823,0.3345238997709701,0.25600206556989835,"['SIX_STATE', 'THREE_PLUS_ONE', 'E91', 'EIGHT_STATE', 'BB84', 'DECOY_BB84']"
0.058510566646547794,0.35927571429842436,0.39591434274662546,0.11920264624055255,"['E91', 'THREE_PLUS_ONE', 'EIGHT_STATE', 'BB84', 'DECOY_BB84', 'SIX_STATE']"
0.38219034892873144,0.28425816751471544,0.28564407429412425,0.19505940091337026,"['E91', 'THREE_PLUS_ONE', 'EIGHT_STATE', 'BB84', 'SIX_STATE', 'DECOY_BB84']"
0.3824790311163537,0.37204881942070134,0.03337228873758624,0.31142967583291,"['E91', 'EIGHT_STATE', 'SIX_STATE', 'THREE_PLUS_ONE', 'BB84', 'DECOY_BB84']"
0.2098224893208876,0.2719076489432629,0.07224073850596055,0.2546358656932078,"['THREE_PLUS_ONE', 'E91', 'EIGHT_STATE', 'BB84', 'SIX_STATE', 'DECOY_BB84']"
0.04491347266898182,0.25488366345937136,0.36792758016551697,0.17894308763062872,"['THREE_PLUS_ONE', 'E91', 'EIGHT_STATE', 'BB84', 'DECOY_BB84', 'SIX_STATE']"
0.21901187359929963,0.14019018220959995,0.09278527647945958,0.37958640057722853,"['SIX_STATE', 'EIGHT_STATE', 'BB84', 'DECOY_BB84', 'THREE_PLUS_ONE', 'E91']"
0.13140863096052727,0.039589232226642096,0.3281645163575288,0.39596623392738395,"['SIX_STATE', 'E91', 'EIGHT_STATE', 'THREE_PLUS_ONE', 'BB84', 'DECOY_BB84']"
0.03213908970334665,0.28149032338106306,0.2066076523412206,0.3444010297803974,"['EIGHT_STATE', 'E91', 'SIX_STATE', 'THREE_PLUS_ONE', 'BB84', 'DECOY_BB84']"
0.3452486335559078,0.2795261888875132,0.20500448099259988,0.20925024666065542,"['THREE_PLUS_ONE', 'BB84', 'DECOY_BB84', 'E91', 'EIGHT_STATE', 'SIX_STATE']"
0.2275070983868718,0.37300608352026815,0.12152629289265202,0.21504353572663468,"['THREE_PLUS_ONE', 'BB84', 'E91', 'DECOY_BB84', 'EIGHT_STATE', 'SIX_STATE']"
0.17575836573872355,0.3571363081377271,0.20793829824223323,0.041076514863405356,"['BB84', 'DECOY_BB84', 'THREE_PLUS_ONE', 'E91', 'EIGHT_STATE', 'SIX_STATE']"
0.18153530765954987,0.11165093467042089,0.1493734390336348,0.07493895274149136,"['DECOY_BB84', 'BB84', 'THREE_PLUS_ONE', 'SIX_STATE', 'EIGHT_STATE', 'E91']"
0.2659346061265632,0.14737282945752328,0.31259434438278777,0.0563368501134469,"['DECOY_BB84', 'BB84', 'SIX_STATE', 'THREE_PLUS_ONE', 'E91', 'EIGHT_STATE']"
0.050302949251070705,0.14994207542855045,0.3453571518101692,0.36159494674412446,"['SIX_STATE', 'E91', 'EIGHT_STATE', 'THREE_PLUS_ONE', 'BB84', 'DECOY_BB84']"
0.1418973291902339,0.1000896493125472,0.035062862910981485,0.2322609237240983,"['BB84', 'DECOY_BB84', 'THREE_PLUS_ONE', 'SIX_STATE', 'EIGHT_STATE', 'E91']"
0.10881162089702899,0.32021468179375606,0.09520407129387927,0.08603927294367529,"['BB84', 'DECOY_BB84', 'THREE_PLUS_ONE', 'E91', 'EIGHT_STATE', 'SIX_STATE']"
0.18199537370168847,0.2844829134335616,0.20131749468246365,0.1752523923660038,"['BB84', 'DECOY_BB84', 'THREE_PLUS_ONE', 'E91', 'EIGHT_STATE', 'SIX_STATE']"
0.2129583833467237,0.16838299091630193,0.021660828111247712,0.2999744938378893,"['SIX_STATE', 'EIGHT_STATE', 'BB84', 'DECOY_BB84', 'THREE_PLUS_ONE', 'E91']"
0.19733004826468326,0.22142139505355513,0.163091943701229,0.1116827647241165,"['BB84', 'DECOY_BB84', 'THREE_PLUS_ONE', 'SIX_STATE', 'EIGHT_STATE', 'E91']"
0.28419994636052265,0.330246745529825,0.3416046142734177,0.2749135949653845,"['E91', 'EIGHT_STATE', 'SIX_STATE', 'THREE_PLUS_ONE', 'BB84', 'DECOY_BB84']"
0.3242103660685307,0.08323255666976218,0.3033344349102344,0.26407026817840634,"['SIX_STATE', 'E91', 'EIGHT_STATE', 'THREE_PLUS_ONE', 'BB84', 'DECOY_BB84']"
0.35316856089841214,0.20219928510936885,0.1554582529039273,0.2628327234682926,"['SIX_STATE', 'BB84', 'THREE_PLUS_ONE', 'DECOY_BB84', 'EIGHT_STATE', 'E91']"
0.3346021142277322,0.32747014791187423,0.3992225069413531,0.24042227869953173,"['E91', 'EIGHT_STATE', 'THREE_PLUS_ONE', 'SIX_STATE', 'BB84', 'DECOY_BB84']"
0.08042495898740973,0.13407016669224736,0.022648751541504916,0.3926634360359053,"['SIX_STATE', 'EIGHT_STATE', 'BB84', 'DECOY_BB84', 'THREE_PLUS_ONE', 'E91']"
0.34614308364562313,0.05837230719251971,0.019988907519300415,0.3412462695147347,"['SIX_STATE', 'EIGHT_STATE', 'BB84', 'DECOY_BB84', 'THREE_PLUS_ONE', 'E91']"
0.018849743557739402,0.32617775988984254,0.30946558409902214,0.2807730777603547,"['E91', 'EIGHT_STATE', 'SIX_STATE', 'THREE_PLUS_ONE', 'BB84', 'DECOY_BB84']"
0.24976283449103026,0.25939154696104116,0.2710902052454479,0.28608185141147346,"['EIGHT_STATE', 'E91', 'SIX_STATE', 'THREE_PLUS_ONE', 'BB84', 'DECOY_BB84']"
0.3358271421634825,0.2511193150076914,0.01405400342375113,0.1482868807675601,"['BB84', 'DECOY_BB84', 'THREE_PLUS_ONE', 'EIGHT_STATE', 'SIX_STATE', 'E91']"
0.19176953112626727,0.0846755249835073,0.10448762605585156,0.03145318888135767,"['DECOY_BB84', 'BB84', 'THREE_PLUS_ONE', 'SIX_STATE', 'EIGHT_STATE', 'E91']"
0.07019828653284407,0.30483683583731025,0.35455277967045884,0.14519881279868052,"['E91', 'THREE_PLUS_ONE', 'EIGHT_STATE', 'BB84', 'DECOY_BB84', 'SIX_STATE']"
0.12592123319743476,0.06319310046834845,0.25828159852590177,0.2097965701841682,"['THREE_PLUS_ONE', 'BB84', 'DECOY_BB84', 'SIX_STATE', 'EIGHT_STATE', 'E91']"
0.22695022462695674,0.2459102195380662,0.21316908430650425,0.11183664436688982,"['BB84', 'DECOY_BB84', 'THREE_PLUS_ONE', 'EIGHT_STATE', 'SIX_STATE', 'E91']"
0.20303292544592094,0.1846548458846228,0.16025686633429206,0.08414028745986546,"['DECOY_BB84', 'BB84', 'THREE_PLUS_ONE', 'SIX_STATE', 'EIGHT_STATE', 'E91']"
0.33986634551525424,0.3282781900472937,0.04787992580885417,0.15580558084210477,"['BB84', 'DECOY_BB84', 'THREE_PLUS_ONE', 'E91', 'EIGHT_STATE', 'SIX_STATE']"
0.038191116630662915,0.3818260344804775,0.05237257981252263,0.06555859956199452,"['BB84', 'DECOY_BB84', 'THREE_PLUS_ONE', 'EIGHT_STATE', 'E91', 'SIX_STATE']"
0.3822795845027085,0.12363867663312154,0.3976939095578326,0.08233022296356232,"['DECOY_BB84', 'BB84', 'SIX_STATE', 'THREE_PLUS_ONE', 'E91', 'EIGHT_STATE']"
0.27971669967075863,0.09869674184745808,0.3842810230863671,0.23488604134561675,"['SIX_STATE', 'THREE_PLUS_ONE', 'BB84', 'DECOY_BB84', 'E91', 'EIGHT_STATE']"
0.261110793104234,0.04798946660545729,0.20929427609538828,0.06497317816705575,"['DECOY_BB84', 'BB84', 'THREE_PLUS_ONE', 'SIX_STATE', 'EIGHT_STATE', 'E91']"
0.05965982257402024,0.2990824401876137,0.18179911848202707,0.3388904296875668,"['E91', 'EIGHT_STATE', 'SIX_STATE', 'THREE_PLUS_ONE', 'BB84', 'DECOY_BB84']"
0.16292817381579075,0.1854213270047858,0.036381001451267964,0.3529705467387615,"['SIX_STATE', 'EIGHT_STATE', 'BB84', 'THREE_PLUS_ONE', 'DECOY_BB84', 'E91']"
0.17805575195767623,0.27620730033054053,0.26952399300929253,0.2590410231497342,"['E91', 'EIGHT_STATE', 'SIX_STATE', 'THREE_PLUS_ONE', 'BB84', 'DECOY_BB84']"
0.28144691905295854,0.37160540829359245,0.3731450593500197,0.395883354815611,"['E91', 'EIGHT_STATE', 'SIX_STATE', 'THREE_PLUS_ONE', 'BB84', 'DECOY_BB84']"
0.1343941576081521,0.14982081882589227,0.34232815049766024,0.373924454882435,"['SIX_STATE', 'E91', 'EIGHT_STATE', 'THREE_PLUS_ONE', 'BB84', 'DECOY_BB84']"
0.16531341883790016,0.3632548018381455,0.3613916631477571,0.3348634620613439,"['E91', 'EIGHT_STATE', 'SIX_STATE', 'THREE_PLUS_ONE', 'BB84', 'DECOY_BB84']"
0.33512264099615235,0.27128244468086155,0.035112263160355026,0.17501872586918424,"['BB84', 'DECOY_BB84', 'THREE_PLUS_ONE', 'E91', 'EIGHT_STATE', 'SIX_STATE']"
0.2533618861183942,0.1631736406723266,0.390299861063021,0.33993411609577745,"['SIX_STATE', 'E91', 'EIGHT_STATE', 'THREE_PLUS_ONE', 'DECOY_BB84', 'BB84']"
0.13995978578465193,0.16849852366185597,0.39004086816467864,0.21026986338986028,"['SIX_STATE', 'THREE_PLUS_ONE', 'BB84', 'DECOY_BB84', 'E91', 'EIGHT_STATE']"
0.33795660334876226,0.09728268456592044,0.03524692800289569,0.2532392267167133,"['BB84', 'DECOY_BB84', 'SIX_STATE', 'THREE_PLUS_ONE', 'EIGHT_STATE', 'E91']"
0.10008209995541352,0.10778193115146183,0.29878047031973387,0.22088736795619707,"['THREE_PLUS_ONE', 'SIX_STATE', 'BB84', 'DECOY_BB84', 'E91', 'EIGHT_STATE']"
0.02451089808378829,0.2111045421161038,0.18594393879444068,0.09984389940363769,"['BB84', 'DECOY_BB84', 'THREE_PLUS_ONE', 'SIX_STATE', 'EIGHT_STATE', 'E91']"
0.2270713239913289,0.023134382315255466,0.026799963171600986,0.10789774131347415,"['DECOY_BB84', 'BB84', 'THREE_PLUS_ONE', 'SIX_STATE', 'EIGHT_STATE', 'E91']"
0.135937973952133,0.06015346589211236,0.27724709187607843,0.33482239768485356,"['SIX_STATE', 'EIGHT_STATE', 'E91', 'THREE_PLUS_ONE', 'BB84', 'DECOY_BB84']"
0.3928307413919013,0.18162327552885543,0.3697014081793153,0.13273869958135492,"['DECOY_BB84', 'BB84', 'SIX_STATE', 'THREE_PLUS_ONE', 'E91', 'EIGHT_STATE']"
0.10512482769434399,0.13971617139266887,0.10162361558808167,0.34225960866183486,"['SIX_STATE', 'EIGHT_STATE', 'BB84', 'DECOY_BB84', 'THREE_PLUS_ONE', 'E91']"
0.09637343145770885,0.2652343897220946,0.04728895724482124,0.2631557266299018,"['EIGHT_STATE', 'THREE_PLUS_ONE', 'E91', 'SIX_STATE', 'BB84', 'DECOY_BB84']"
0.31833572609056315,0.18787056659521015,0.08346732065781767,0.16178034739973993,"['DECOY_BB84', 'BB84', 'THREE_PLUS_ONE', 'SIX_STATE', 'EIGHT_STATE', 'E91']"
0.3973344030420124,0.17713318043192622,0.07019756368625751,0.08535107608539597,"['DECOY_BB84', 'BB84', 'THREE_PLUS_ONE', 'SIX_STATE', 'EIGHT_STATE', 'E91']"
0.0466676896388781,0.16865679861606997,0.05155186992389661,0.32259218818857016,"['SIX_STATE', 'EIGHT_STATE', 'BB84', 'DECOY_BB84', 'THREE_PLUS_ONE', 'E91']"
0.03619784703915219,0.2019104060280166,0.26398220422330476,0.20952282981103423,"['THREE_PLUS_ONE', 'BB84', 'SIX_STATE', 'DECOY_BB84', 'EIGHT_STATE', 'E91']"
0.3301189482126855,0.18739009478045907,0.25866001583222126,0.325117725175051,"['SIX_STATE', 'EIGHT_STATE', 'E91', 'THREE_PLUS_ONE', 'BB84', 'DECOY_BB84']"
0.14068403896876136,0.3193972003077348,0.3221306077321899,0.07503170908493069,"['E91', 'THREE_PLUS_ONE', 'EIGHT_STATE', 'BB84', 'DECOY_BB84', 'SIX_STATE']"
0.3186609668568494,0.3011239407884005,0.046847755143292244,0.12067478499391897,"['DECOY_BB84', 'BB84', 'THREE_PLUS_ONE', 'E91', 'EIGHT_STATE', 'SIX_STATE']"
0.299730717728395,0.24031161640035686,0.31836344632173413,0.17477612359340164,"['THREE_PLUS_ONE', 'E91', 'BB84', 'DECOY_BB84', 'EIGHT_STATE', 'SIX_STATE']"
0.35463453388669264,0.1669960795187173,0.33721633777685306,0.28072648322166616,"['SIX_STATE', 'E91', 'EIGHT_STATE', 'THREE_PLUS_ONE', 'BB84', 'DECOY_BB84']"
0.2011263311994603,0.2630338161716341,0.3609830452612904,0.35372217465958083,"['E91', 'EIGHT_STATE', 'SIX_STATE', 'THREE_PLUS_ONE', 'BB84', 'DECOY_BB84']"
0.17735568768680607,0.23737568926711344,0.28803953617046363,0.1889908367934086,"['THREE_PLUS_ONE', 'BB84', 'SIX_STATE', 'EIGHT_STATE', 'DECOY_BB84', 'E91']"
0.12780078454339316,0.03319022717168826,0.39805316308772193,0.17641765830649273,"['DECOY_BB84', 'BB84', 'SIX_STATE', 'THREE_PLUS_ONE', 'E91', 'EIGHT_STATE']"
0.18301396454242938,0.1672377967152982,0.333684641866117,0.18131001857958748,"['DECOY_BB84', 'BB84', 'THREE_PLUS_ONE', 'SIX_STATE', 'E91', 'EIGHT_STATE']"
0.2525509697426743,0.11511928906539937,0.34251119861574464,0.05121789150844052,"['DECOY_BB84', 'BB84', 'SIX_STATE', 'THREE_PLUS_ONE', 'E91', 'EIGHT_STATE']"
0.10882275295911945,0.3437084006519596,0.04753604396010771,0.2780504294110082,"['E91', 'EIGHT_STATE', 'SIX_STATE', 'THREE_PLUS_ONE', 'BB84', 'DECOY_BB84']"
0.28824391535800786,0.11036370690428317,0.08829272977131597,0.09940405315561633,"['DECOY_BB84', 'BB84', 'THREE_PLUS_ONE', 'SIX_STATE', 'EIGHT_STATE', 'E91']"
0.1237205172406479,0.15874782707652993,0.1561588830460215,0.17027689979490523,"['DECOY_BB84', 'BB84', 'THREE_PLUS_ONE', 'SIX_STATE', 'EIGHT_STATE', 'E91']"
0.08982231431117768,0.18511087036544066,0.18999432881958686,0.053225315084942874,"['DECOY_BB84', 'BB84', 'THREE_PLUS_ONE', 'SIX_STATE', 'EIGHT_STATE', 'E91']"
